ID,text,target
ynat-v1_train_00003,갤노트8 주말 27만대 개통…시장은 불법 보조금 얼룩,5
ynat-v1_train_00005,美성인 6명 중 1명꼴 배우자·연인 빚 떠안은 적 있다,0
ynat-v1_train_00007,아가메즈 33득점 우리카드 KB손해보험 완파…3위 굳...,4
ynat-v1_train_00008,朴대통령 얼마나 많이 놀라셨어요…경주 지진현장 방문종합,6
ynat-v1_train_00009,듀얼심 아이폰 하반기 출시설 솔솔…알뜰폰 기대감,4
ynat-v1_train_00011,NH투자 1월 옵션 만기일 매도 우세,1
ynat-v1_train_00012,황총리 각 부처 비상대비태세 철저히 강구해야,2
ynat-v1_train_00015,게시판 KISA 박민정 책임연구원 APTLD 이사 선출,0
ynat-v1_train_00016,공사업체 협박에 분쟁해결 명목 돈 받은 언론인 집행유예,3
ynat-v1_train_00017,월세 전환에 늘어나는 주거비 부담…작년 역대 최고치,5
ynat-v1_train_00019,페이스북 인터넷 드론 아퀼라 실물 첫 시험비행 성공,2
ynat-v1_train_00020,추신수 타율 0.265로 시즌 마감…최지만은 19홈런·6...,1
ynat-v1_train_00023,아시안게임 목소리 높인 박항서 베트남이 일본 못 이길...,6
ynat-v1_train_00024,서울에 다시 오존주의보…도심·서북·동북권 발령종합,1
ynat-v1_train_00026,STJ레콤 J분기 영D익t4천105t…2>1％ 증가,5
ynat-v1_train_00034,안보리 대북결의안 2270호 이행보고서 제출한 나라 70개 육박,4
ynat-v1_train_00035,게시판 KBS 코로나가 바꾼 일상 대국민 영상 공모,0
ynat-v1_train_00036,크루즈 관광객용 반나절 부산 해안 트레킹 상품 개발,5
ynat-v1_train_00038,마틴 우리카드 코치로 V리그 복귀…한국 좋아요,5
ynat-v1_train_00039,LG G8 씽큐 15일부터 예판…디스플레이 1회 무상교체 혜택,2
ynat-v1_train_00040,피폭 노동자가 증언하는 후쿠시마 원전 은폐와 속임수,6
ynat-v1_train_00043,한국민족의 뿌리가 북방…5천년 전 한반도서 자생적으로 형성,0
ynat-v1_train_00051,근육조직 생성에 필수적인 열쇠 발견,0
ynat-v1_train_00056,유엔 리비아 내전 악화·국제적 확산 우려…아랍연맹 긴급회의종합,4
ynat-v1_train_00060,공룡 파충류보다는 타조·매 등 새에 가깝다,2
ynat-v1_train_00061,대한항공 우리카드 꺾고 3연승…GS칼텍스 1라운드 전승종합,5
ynat-v1_train_00063,영상 선출부터 퇴장까지…나경원 원내대표 파란만장 1년,5
ynat-v1_train_00066,UEFA 챔스리그 4강 마드리드 더비 성사…레알 vs 아...,0
ynat-v1_train_00068,MBC 류현진 특집 다큐…MLB 전설에게 듣는 류현진,0
ynat-v1_train_00070,모바일 컴퓨팅 미래는…서울서 국제학회 ACM 모비시스 개막,3
ynat-v1_train_00072,獨 反이스라엘 테러 팔레스타인인 강연 차단…비자도 취소,3
ynat-v1_train_00073,대한항공 인천∼바르셀로나 노선 첫 취항,1
ynat-v1_train_00078,대구·경북 고용유지지원금 신청 폭주…2∼3월 7천550건,5
ynat-v1_train_00081,한산한 성산일출봉 주차장,3
ynat-v1_train_00085,네이버 모바일 연예판에도 AI 콘텐츠 추천 시스템 적용,5
ynat-v1_train_00088,증시신상품 국채선물 인버스 ETF 3종,6
ynat-v1_train_00093,문대통령 호주 총리와 축구 평가전 1대1 무승부 축하,1
ynat-v1_train_00095,흥국운용 2천350억원 중순위 인수금융펀드 1호 결성 완료,0
ynat-v1_train_00099,北 무수단 발사 대기권 재진입 기술 확보 여부가 관건,1
ynat-v1_train_00100,北 서방에 백두산 연구 먼저 제의…과학외교 활발,5
ynat-v1_train_00101,~학농구리- 8일 고려대중앙대 경pt 개막,1
ynat-v1_train_00102,코스피 미국발 악재에 또 급락…2360대로 털썩,0
ynat-v1_train_00104,승리에도 침통했던 박기원 감독 엔진을 끈 것 같다,0
ynat-v1_train_00106,프로축구2부 부천 안산과 11 무승부,0
ynat-v1_train_00115,최병륜 울산MBC 사장,4
ynat-v1_train_00117,어촌으로 봄 여행 떠나볼까…해수부 체험 마을 20곳 추천,2
ynat-v1_train_00118,러 우주로켓 벼락 맞고도 멀쩡…탑재 위성 정상궤도 올려,3
ynat-v1_train_00119,게시판 인터넷신문위원회 언론분쟁 대처 교육,1
ynat-v1_train_00134,코오롱플라스틱 1분기 연결 영업익 58억원…138%↑,6
ynat-v1_train_00137,2017 올해의연극 베스트3 오른 옥상 밭 고추는 왜 재공연,4
ynat-v1_train_00140,무등산에서 광주지역 올해 첫 얼음 관찰,5
ynat-v1_train_00142,朴대통령 與 TK 국회의원과 110분 면담…사드 민심 청취,0
ynat-v1_train_00143,지소미아 종료까지 8일…美 압박 속 고민 깊어지는 文대통령,4
ynat-v1_train_00144,호텔서 스타 셰프 음식 만난다…더플라자 레스토랑 4곳 오픈,4
ynat-v1_train_00145,우리은행 박혜진 연봉 3억원으로 2년 연속 연봉 퀸,0
ynat-v1_train_00148,시리보다 내가 낫다…빅스비의 세로드립 도발종합,2
ynat-v1_train_00150,11월 소비자 지갑을 열어라…유통업계 할인 경쟁 격화,6
ynat-v1_train_00151,한국형 발사체 75t 엔진 첫 연소시험 성공,2
ynat-v1_train_00153,힐만 감독 산체스 15∼16일 불펜에서 대기,6
ynat-v1_train_00156,GS칼텍스 IBK기업은행과 세터 이나연↔이고은 트레이드,5
ynat-v1_train_00160,KT안랩 통합TI·정보보안 서비스 개발 업무협약 체결,6
ynat-v1_train_00162,北당대회 나흘만에 일부 외신 취재허용…김정은 위원장 취임 발표,6
ynat-v1_train_00164,日도쿄 주택가 공원 연못서 토막시신 발견,4
ynat-v1_train_00165,홍콩 시위 참여 여성 경찰서에서 알몸 수색 강요당해,1
ynat-v1_train_00166,삼성 세계 최초 후면 쿼드카메라 탑재 갤럭시A9 공개,1
ynat-v1_train_00167,손흥민 AG대표팀 합류 시점은…31일 소집 참가 어려워,3
ynat-v1_train_00173,홍남기 미래부 1차관 서울혁신센터 등 방문,0
ynat-v1_train_00175,북한 사이버 공격 집단 세계 은행들 상대 1천억 탈취종합,4
ynat-v1_train_00176,北발사체에 미일 당국자 통화…한미일 협력 확인,0
ynat-v1_train_00182,포천아트밸리서 높이 45ｍ 절벽 배경 야간 공중쇼,1
ynat-v1_train_00183,탈북민 착한봉사단 연천서 통일염원 벽화 그린다,1
ynat-v1_train_00185,금융발전심의회 전체회의,2
ynat-v1_train_00186,KB증권 농심 4분기 라면 부문 실적개선…목표주가↑,6
ynat-v1_train_00189,400년 전 일본 건너간 조선 첫 여성도공 백파선,1
ynat-v1_train_00191,MLB.com 다저스 3년 연속 WS 유력하지만 우승은 글쎄…,4
ynat-v1_train_00193,구글 3세대 크롬캐스트 출시…신세계아이앤씨 단독 판매종합,1
ynat-v1_train_00194,서울자유시민대학 초대 학장에 정재권 전 한겨레신문 논설위원,1
ynat-v1_train_00195,웨이포트 6월 22일 상장폐지 신청 예정,6
ynat-v1_train_00198,버닝썬 게이트 다룬 SBS 그것이 알고 싶다 11.2％,6
ynat-v1_train_00199,현대차 현대차증권 MMT 300억원 매수,2
ynat-v1_train_00201,빛으로 작동하는 나노선 트랜지스터 개발 성공,4
ynat-v1_train_00205,특징주 ;면분할 F성전자v귀환S첫날X약세,5
ynat-v1_train_00207,故문중원 기수 대책위 정부가 나서라…靑 인근까지 상여 행진,0
ynat-v1_train_00208,새누리 갈등 폭발한 상임 전국위·전국위는 어떤 기구,5
ynat-v1_train_00211,한국 남자농구도 월드컵 승전보…아시아 예선서 중국 제압,1
ynat-v1_train_00212,장애인 정책 발표하는 안철수,6
ynat-v1_train_00213,아시안게임 키르기스스탄전 앞둔 김학범 스스로 만든 가...,4
ynat-v1_train_00220,삼성 2분기 세계 스마트폰 점유율 1위 지켰다…중국 맹추격,1
ynat-v1_train_00222,네덜란드 정부 보스니아 무슬림 학살사건에 10% 책임,4
ynat-v1_train_00223,카카오미니 예판 38분 만에 마감…접속 몰려 에러 속출,6
ynat-v1_train_00224,민주 누리과정예산 확보 대신 법인세 양보 모색,1
ynat-v1_train_00226,후랭코프 5승 두산 20승 선착…SK·LG 맹추격,2
ynat-v1_train_00227,청년 디지털 일자리 등 3차 추경 사업 민간 채용률 겨우 11%,4
ynat-v1_train_00229,보령소식 보령시 시간선택제 공무원 3명 모집,3
ynat-v1_train_00230,류현진 FA 랭킹 7위…막판 부진으로 온갖 의문 낳아,6
ynat-v1_train_00232,충북 가마솥더위 지속…주말도 더워요,2
ynat-v1_train_00234,억만장자 베니 스타인메츠 阿 광산 뇌물 혐의로 기소돼,1
ynat-v1_train_00235,신간 답이 보이지 않는 상황을 견디는 힘,4
ynat-v1_train_00242,배구 남녀 대표팀 임도헌라바리니 감독 보령서 짧은 상견례,3
ynat-v1_train_00245,"MLB+명장 바비 콕스 k3n,로xC4",1
ynat-v1_train_00248,바르샤 이승우z)z·네h란드 팀으로k임대 가AG,1
ynat-v1_train_00251,삼성·애플·LG·구글 스마트폰 가을대전 임박,0
ynat-v1_train_00253,폴란드서 이란 겨냥 美주도 60여개국 중동문제회의 시작,2
ynat-v1_train_00254,네이버 인공지능으로 식당 예약 전화 받는 AI 콜 공개,1
ynat-v1_train_00255,봄비 머금은 꽃망울,2
ynat-v1_train_00259,KT 인공지능 기술로 목소리 찾아드려요…목소리 찾기 프로젝트,3
ynat-v1_train_00260,아이폰11 프로 써보니…프로다운 카메라 성능 기대 이상,1
ynat-v1_train_00262,국립민속박물관 아카이브 만들기 특별전 개최,6
ynat-v1_train_00263,임도헌 감독 젊은 선수들 자신감 얻었다…내년 1월 진짜 승부,1
ynat-v1_train_00265,39광년 떨어진 곳에서 지구 크기 삼형제 발견,6
ynat-v1_train_00267,NC출신 왕웨이중 ML복귀…에인절스전 2이닝 무실점,1
ynat-v1_train_00269,차범근과 손흥민을 관통하는 공통점…25와 8 그리고 아홉수,4
ynat-v1_train_00270,신년사 손학규 다당제·합의제로 희망 드리는 정치 실천,1
ynat-v1_train_00271,노벨평화상 소식에 아프리카 환호…각국 정상 환영 잇따라,0
ynat-v1_train_00272,野가 전한 설 민심…정권교체 해달라 자만말라 쓴소리도,3
ynat-v1_train_00273,위안부 피해자 그림 선생님이 전하는 이야기,6
ynat-v1_train_00277,NHN엔터테인먼트 2분기 영업익 149억원…50% 증가,3
ynat-v1_train_00279,최지만 시즌 첫 3루타…종아리 통증으로 교체,4
ynat-v1_train_00281,춘천 MBC 나이야가라 한국방송대상 작품상 수상,6
ynat-v1_train_00282,콘테 첼시 감독 캉테 AS로마전 출전여부 본인이 결정할 것,4
ynat-v1_train_00283,부산국제코미디페스티벌에 참여합니다,3
ynat-v1_train_00285,드랙퀸 연극 조지 맥브라이드의 전설 내달 초연,0
ynat-v1_train_00286,이스라엘 역사 녹은 희비극 말 한 마리…,1
ynat-v1_train_00288,게시판 제38회 한국출판학회상에 천재교육 등 선정,4
ynat-v1_train_00289,이인제 충청을 젊은 희망의 땅으로 만들것 충남지사 출마 선언,4
ynat-v1_train_00292,네이버뮤직 바이브로 통합…기존 서비스 내년 종료,3
ynat-v1_train_00293,문 대통령 안타까움 금할 수 없어…사망자 최소화 만전 기하라,0
ynat-v1_train_00294,스페인 11회 연속 월드컵 본선 진출…이탈리아 PO행종합,6
ynat-v1_train_00295,유럽 최악 한파에 난민들 피해속출…폐렴·저체온증 극심,1
ynat-v1_train_00300,김정은 탑승 추정 北 열차 단둥 통과…60여시간 여정 개시,2
ynat-v1_train_00301,아시안게임 응원석엔 하나된 함성 벤치엔 우정의 미소…...,2
ynat-v1_train_00302,문대통령 미중러 협력·아세안 동행…비핵화 동력 보전했다,2
ynat-v1_train_00304,평양정상회담 남북 정상 오찬장도 함께,5
ynat-v1_train_00306,KT 연말연시 맞아 네트워크 특별대책 마련,4
ynat-v1_train_00308,네이버 전문자료 검색 내년 안에 구글 따라잡을 것,5
ynat-v1_train_00309,민주 광역단체장 후보 면접…지방선거 당내 경쟁 개막,1
ynat-v1_train_00310,SK텔레콤 충청 지역 폭우피해 통신망 복구,3
ynat-v1_train_00311,경제 윤종원 일자리 정태호 靑수석 교체…민생·고용 드라이브종합2보,0
ynat-v1_train_00312,朴대통령 한불 비즈니스포럼·K콘 참석…파리서 경제·문화외교,0
ynat-v1_train_00314,외국인에게 말만 하세요 한컴 이어폰형 통역기 MWC서 첫선,1
ynat-v1_train_00315,이라크 프랑스인 IS 조직원 가차없이 사형선고,1
ynat-v1_train_00316,아힘 프라이어가 소개하는 반지 4부작,3
ynat-v1_train_00318,프로농구 인삼공사 컬페퍼 햄스트링 부상…교체할 듯,5
ynat-v1_train_00319,김현미 전월세상한제 신규 계약 적용 고려할 점 많아 신중론,6
ynat-v1_train_00321,靑 추미애 긴급회동 제안에 정해진 바 없다,0
ynat-v1_train_00322,필리핀 국방장관 몰래 군부대에 中 통신 시설 설치 허용…재검토,6
ynat-v1_train_00326,지구 임계온도 1.5도 목표 촉구 1인 시위,6
ynat-v1_train_00328,버려진 튜브로 만든 설치미술,5
ynat-v1_train_00330,KT Be Y 폰 2 단독 출시,3
ynat-v1_train_00331,섬들의 근대화는 달랐다…일제가 쓰고 버린 태평양 섬 이야기,6
ynat-v1_train_00332,과학전람회 대통령상에 충북과학고생 최경준·손승연,3
ynat-v1_train_00333,무선 장비로 침입자 막는다… KT텔레캅 새 보안 서비스종합,6
ynat-v1_train_00334,중소기업 JB 경기(망 부정적…인건비 올라|최대 애로,5
ynat-v1_train_00336,닷새째 경찰에 포위된 홍콩 이공대,4
ynat-v1_train_00337,與 대구·경북 공천면접심사…현역 vs 진박 격돌,3
ynat-v1_train_00338,강원CBS 사옥·선교센터 8일 착공…11월 완공,1
ynat-v1_train_00342,모범장서가에 2만4천91권 소장한 이종근씨 등,4
ynat-v1_train_00343,정의선 현대차그룹 회장 된다…3세 경영 본격화종합,5
ynat-v1_train_00344,우리금융硏 대중부유층 10명중 4명 노후준비 부족하다고 생각,1
ynat-v1_train_00346,긴급재난지원금 중 기부금은 2천782억원…지급액의 2%,2
ynat-v1_train_00349,주터키한국문화원 개원 8주년 행사 개최,0
ynat-v1_train_00352,프로농구 MVP 후보 두경민 많은 것을 배운 시즌,3
ynat-v1_train_00353,베스트셀러 가벼운 에세이류 강세 계속,0
ynat-v1_train_00355,이달의 편집상에 매일신문 공부까지 거리두면… 등 4편,2
ynat-v1_train_00357,주말 N 여행 강원권 남한강축제서 무더위 날리자…속초는 피서철 이벤트,1
ynat-v1_train_00359,홍영표 홍문종·염동열 체포동의안 부결에 사과·책임통감,4
ynat-v1_train_00360,폭증한 신용대출도 가상화폐 시장으로 갔나,6
ynat-v1_train_00361,삼성전자 주총…퍼스트무버로 거듭나겠다종합,4
ynat-v1_train_00363,KAIST 온도따라 변하는 스마트 입자 개발,0
ynat-v1_train_00365,지각 입장한 남북 선수단 그 사연은,3
ynat-v1_train_00366,스마트폰에 신용카드 대면 삑 새 본인 인증 나온다,6
ynat-v1_train_00372,영상 최강 한파 패딩·목도리 중무장…전국 강추위에 꽁꽁,2
ynat-v1_train_00373,120개 언어 인도 힌디어 국어 지정 놓고 찬반 논란,0
ynat-v1_train_00374,터키군 시리아 진격…에르도안 평화의 샘 작전 개시 선언종합,5
ynat-v1_train_00375,충북 한여름 무더위…날씨는 맑음,5
ynat-v1_train_00377,SKT 부산 엑스포서 해양안전 통신기술 시연,1
ynat-v1_train_00380,러시아 시리아서 S500 발사했나…러 국방부는 부인,5
ynat-v1_train_00382,朴대통령 국회연설 북한 54회·핵 23회…대화는 제로종합,5
ynat-v1_train_00383,석촌동 고분군 발굴 조사 설명회,2
ynat-v1_train_00384,北 36년만의 당대회 맞아 김정은 우상화…주민불만 커져종합,6
ynat-v1_train_00387,코리아둘레길 남해안길 남파랑길로 불러주세요,2
ynat-v1_train_00388,KGC인삼공사 이적생 트리오 알토란 활약…성공신화 예고,0
ynat-v1_train_00390,홍콩 갑부 리카싱 올해 세계경제 복잡할 것…모두 조심해야,4
ynat-v1_train_00395,철도역 매표·상담·역무 담당 코레일네트웍스 노조 파업,6
ynat-v1_train_00396,작년 우리나라 낙뢰 7월에만 18만번…벼락 맞을 확률은,6
ynat-v1_train_00397,중동의 중재자 오만 외무 이란 방문…이란 英 성토종합,6
ynat-v1_train_00402,KT 수자원·국토정보공사와 데이터 중심 스마트시티 협력,0
ynat-v1_train_00403,이스라엘팔레스타인 가자지구 무력 충돌 중지 합의,6
ynat-v1_train_00404,이란 신형 원심분리기 20기 설치…핵합의 범위 내,3
ynat-v1_train_00406,슬로바키아 언론인 피살 후폭풍…이번엔 판사 사임,1
ynat-v1_train_00407,상장·신작 대박 겹경사에 넷마블 첫 깜짝 보너스,4
ynat-v1_train_00408,광주교육청 9급 지방공무원 73명 공개 채용,0
ynat-v1_train_00409,완벽 수비 두산 롯데 완파하고 60승 고지 선착,4
ynat-v1_train_00410,직장인 금융자문 받으세요…금감원 머니콘서트 개최,5
ynat-v1_train_00412,바이오분야 원천기술개발에 올해 3천700억원 투자,5
ynat-v1_train_00413,큰절하는 새누리당 당직자들,6
ynat-v1_train_00414,이해찬 대표 취임 축하 난 앞에 놓고 인사말,5
ynat-v1_train_00415,국토부 차관 지방 미분양이 문제 매수자 입장에선 좋을 수도종합,1
ynat-v1_train_00417,그래픽 자영업부채 400조 돌파자영업대출 규모,3
ynat-v1_train_00419,유엔총장 시리아 휴전 환영…유효한 해법은 긴 여정,5
ynat-v1_train_00420,이해찬 철도 공동조사 내주 시작…남북관계 큰 변화,4
ynat-v1_train_00422,코아로직 수원지법에 회생절차 종결 신청,6
ynat-v1_train_00424,경제자유구역 지지부진 개발지연·국내기업 역차별 탓,4
ynat-v1_train_00426,전북 주요 대학들 등록금 동결…학부모 부담 덜겠다,1
ynat-v1_train_00427,금융시장 충격 일단 소강국면…주가 낙폭 줄고 환율도 하락,2
ynat-v1_train_00428,신간 미래를 어떻게 결정할 것인가·매일의 빵,5
ynat-v1_train_00431,LGU＋ 프로야구 앱 출시 사흘 만에 10만 다운로드,3
ynat-v1_train_00433,재즈·디지털아트·설치미술과 만난 무용 더 토핑,5
ynat-v1_train_00435,이란 원자력청장 포르도서 우라늄 농축 농도 5%까지 올릴 것,0
ynat-v1_train_00437,이집트서 성폭행하려 한 남성 살해 15세 소녀 처벌 논란,0
ynat-v1_train_00438,톈안먼 진압 당시 中장교 공개 참회…6·4 기억해야,5
ynat-v1_train_00442,그래픽 한국은행 지난해 순이익 16년 만에 최대,3
ynat-v1_train_00444,프로배구 최하위 한국전력 우리카드에 고춧가루…32 역전승,5
ynat-v1_train_00452,돌아온 추위 전북 최저 영하 7.8도…2∼5㎝ 눈,4
ynat-v1_train_00457,인천 공립유치원 교사 87% 근무 중 질병 얻어,1
ynat-v1_train_00463,KT 기가지니 내일부터 AI 금융서비스도 척척종합,3
ynat-v1_train_00464,지주회사 해외사례 공부하는 공정위,5
ynat-v1_train_00465,경찰 소재 영화ㆍ방송인 맞는 민갑룡 경찰청장,1
ynat-v1_train_00467,SKT유콘시스템 5G 드론용 ICT 솔루션 개발 협력,0
ynat-v1_train_00468,한중일 정상 특별성명 채택…비핵화목표 환영·3국 공동노력,3
ynat-v1_train_00469,튀니지서 아랍연맹 정상회의…트럼프 골란고원 선언 비판,0
ynat-v1_train_00472,MLB 사무국의 노력…미국서 야구하는 아이들 다시 늘었다,3
ynat-v1_train_00473,네이버 검색 광고 전체 광고 매출의 82.4% 차지,0
ynat-v1_train_00478,하루평균 수출 감소폭 전월보다 줄어…향후 예단 쉽지 않아,1
ynat-v1_train_00481,알뜰폰 헬로모바일 청소년 요금 반값 할인,3
ynat-v1_train_00487,홍콩 시위에 원격조종 사제폭탄 등장…경찰 테러리스트와 비슷,3
ynat-v1_train_00488,페이스북 伊서 과징금 13억원…개인정보 보호법 위반,3
ynat-v1_train_00491,11월 주식 발행액 전월비 60% 증가…IPO·유상증자↑,4
ynat-v1_train_00492,월미도 새 모노레일 내년 추석엔 달릴 수 있을까,2
ynat-v1_train_00501,지난해 수도권 아파트 평균 거래가 3억3천만원,0
ynat-v1_train_00504,UAE 단교 20개월만에 카타르 왕래 화물선 허용,4
ynat-v1_train_00506,북한 TV 북중 합작영화 평양에서의 약속 방영,3
ynat-v1_train_00507,朴대통령 에어포스원 탄 오바마와 15분간 북핵대응 긴급통화,0
ynat-v1_train_00508,이적설에 휘말렸던 이근호 울산이라 마음 갔던 게 사실,6
ynat-v1_train_00513,軍 사이버도박 증가 추세…올해만 40건 적발,1
ynat-v1_train_00517,이통시장 태풍의 눈 단말 자급제 수면 위로…업계 예의주시,4
ynat-v1_train_00519,서울 초등학생 새학기부터 구강검진 결과 스마트폰으로 확인,1
ynat-v1_train_00522,올림픽 답변하는 신소정,6
ynat-v1_train_00529,SKT 프리미엄 임대폰 제공…10일 이하도 하루 단위 과금,1
ynat-v1_train_00536,제1차 세계대전 종전은 새로운 폭력의 시작이었다,2
ynat-v1_train_00540,LG G6 예약판매 개시…액정 무상 수리 등 45만원 혜택,1
ynat-v1_train_00542,밀린 통신비 신용등급 반영한 SKT…즉시 중단종합2보,3
ynat-v1_train_00544,美금융사 가상화폐 경계령…비자 CEO 거래처리 안할 것,4
ynat-v1_train_00545,대관령 영하 18.3도 나흘째 맹추위…동해안 건조특보,1
ynat-v1_train_00549,中공안 장쑤 화학공단 폭발참사 책임자들 구금,2
ynat-v1_train_00553,회견장 들어서는 홍준표 지사,0
ynat-v1_train_00555,주점서 성희롱하고 난동부린 50대 취객…잡고보니 서울시 공무원,3
ynat-v1_train_00558,제4기 여론집중도조사위 출범…위원장에 김영욱 교수,2
ynat-v1_train_00569,국회 외통위 한미 방위비분담금 협정 비준동의안 처리,0
ynat-v1_train_00582,UEFA 파리 생제르맹 FFP 위반 여부 조사 착수,0
ynat-v1_train_00584,대선출마 앞둔 바이든의 나쁜손 또 폭로…코 비비려고 했다,3
ynat-v1_train_00587,올림픽 한반도기 흔드는 북한 응원단,4
ynat-v1_train_00589,與 오늘 전대투표 막 올라…4파전 승자 판가름,0
ynat-v1_train_00594,중국인 래퍼 인터넷 생방송 중 손가락 자해 행동 논란,5
ynat-v1_train_00595,아프리카 남수a서 부04간 폭g사태로 11명L사망,6
ynat-v1_train_00598,中 가상화폐 업자들 전기 싼 이란에 원정채굴 요청,1
ynat-v1_train_00599,스웨덴 여자축구대표팀 유니폼 문구로 여성인권 캠페인,4
ynat-v1_train_00602,LA총영사관 UCLA·USC 한인학생회와 취업정보 공유,6
ynat-v1_train_00603,주춤한 동장군 다시 찾아와…강원 일부 지역 한파주의보,4
ynat-v1_train_00605,특징주 수산아이앤티 코스닥 상장 첫날 상한가종합,4
ynat-v1_train_00607,SK텔레콤 트리페이 태국 서비스 개시,0
ynat-v1_train_00613,LG전자 미국서 G6 사면 구글 홈 준다,4
ynat-v1_train_00616,MLB 도쿄 개막전에 사사키조지마 배터리 시구,4
ynat-v1_train_00617,북한은 설에 3일 쉰다…2003년부터 사흘 연휴로 지정,1
ynat-v1_train_00619,이라크 군경 반정부 시위대에 또 발포,5
ynat-v1_train_00621,프란치스코 교황 오는 8일 난민·난민 조력자 위해 미사,3
ynat-v1_train_00623,서울시립미술관서 추상화가 한묵 첫 유고전 개막,0
ynat-v1_train_00627,그래픽 줄기세포 이식 파킨슨병에 효과 연구 모식도,6
ynat-v1_train_00629,잭슨 MLB 14번째 유니폼 입었다…역대 최다 기록 눈앞,4
ynat-v1_train_00630,베스트셀러 언어의 온도 출간 7개월 만에 1위 올라,4
ynat-v1_train_00634,근로자휴가지원사업 참여 100명 강릉컬링센터·바다부채길 관광,1
ynat-v1_train_00637,北 무수단 미사일 발사준비…軍 도발 대비 감시강화종합,1
ynat-v1_train_00638,IoT로 쓰레기통 관리해요,2
ynat-v1_train_00644,특징주 SK바이오랜드 줄기세포 아토피 치료제 사업 진출에 강세,0
ynat-v1_train_00645,이스라엘 이미 숨진 팔레스타인인 총격 용의자 집까지 파괴,0
ynat-v1_train_00651,고려대 동아리활동서 확진자 6명 발생…방역조치 중,1
ynat-v1_train_00652,SK ES 파주에너지서비스 지분 매각 절차 진행,2
ynat-v1_train_00653,다시 라이트로 김희진 올림픽 본선 진출과 메달만 보고...,5
ynat-v1_train_00657,팀 쿡 애플 CEO iOS 11 배포 통해 증강현실 본격화,0
ynat-v1_train_00658,사회정의를 분배 문제에 가두지 말라…지배와 억압 제거해야,5
ynat-v1_train_00660,아스널 스토크시티에 41 대승…4위 리버풀에 승점 1,2
ynat-v1_train_00661,김영란법 합헌 더민주 다행스러운 일…투명사회 노력 계속,4
ynat-v1_train_00662,프로축구는 한가위에도 격한 순위 싸움…하위스플릿 탈출,5
ynat-v1_train_00663,LGU 조사거부 개별 안건으로…방통위 첫 단독 처리종합,6
ynat-v1_train_00666,증시신상품 한투증권 PF대출채권 투자 부동산펀드 판매,5
ynat-v1_train_00668,민주 5·18 모독 한국당 압박 지속…헌정질서 파괴 옹호,2
ynat-v1_train_00669,예스24 우리가 사랑한 24인의 작가들 부산서 전시,4
ynat-v1_train_00673,文대통령 北목선 경계못하고 국민께 제대로 못알려…철저 점검종합,0
ynat-v1_train_00676,정정불안 코모로서 총격 사상자 발생…美 정부요원 철수명령,2
ynat-v1_train_00677,여자농구 신한은행 팀 최소 득점 기록 34점 불명예,3
ynat-v1_train_00680,페이스북 읽는 시간 뉴스피드 랭킹에 반영…낚시기사 불이익,5
ynat-v1_train_00681,세기의 대국 알파고 아버지 허사비스는 왜 바둑에 매료됐나,2
ynat-v1_train_00684,게시판 자랑스러운 한양언론인상에 임철순·이숙영,1
ynat-v1_train_00687,윤종규 KB금융 회장 7개월 만에 자사주 2천주 매입,1
ynat-v1_train_00688,한국보스니아 축구 평가전 시청률 7.8,4
ynat-v1_train_00689,카톡방 URL 검색 노출 개인정보법 위반 소지 약해,5
ynat-v1_train_00691,메시·호날두 UEFA 올해의 팀에 선정…EPL 선수 제로,5
ynat-v1_train_00692,美법무장관 페이스북에 메시지 서비스 암호화 중단하라,5
ynat-v1_train_00697,프로농구 SK 삼성 꺾고 하루 만에 공동 3위,1
ynat-v1_train_00699,러 우주 공간에 요격미사일 시스템 배치 말라 美에 경고,1
ynat-v1_train_00702,비자나무는 모기퇴치제…옛 문헌 속 생물활용서 발간,2
ynat-v1_train_00705,민주 최저임금 후속책 마련 한국 대통령 공약 폐기하라종합,6
ynat-v1_train_00708,필리핀 토지은행·리잘상업은행 한진중공업 주식 취득,3
ynat-v1_train_00709,위클리 스마트 이산화탄소로 화학원료를…잎의 선물 인공광합성,5
ynat-v1_train_00712,초신성 폭발 3시간 만에 관측…최단기록,5
ynat-v1_train_00713,한투 정부 정책방향 소폭 전환…경기하강 방어에 긍정적,1
ynat-v1_train_00716,이라크 반정부 시위 사망자 40여명으로 늘어종합,1
ynat-v1_train_00718,네이버 자율주행차 핵심센서 개발 이스라엘 기업에 투자,5
ynat-v1_train_00725,대북특사단 오전 9시 평양 안착…10시부터 회담 중2보,3
ynat-v1_train_00727,벚꽃 와인 마시며 봄 즐기세요,3
ynat-v1_train_00728,5G 기반 자율주행차 개발…SK텔레콤·인텔 협약,5
ynat-v1_train_00731,재벌닷컴 재벌 총수 자택 공시가격 34% 상승,4
ynat-v1_train_00734,장미의 이름 새 옷 입히니 젊은 독자 호응,3
ynat-v1_train_00736,문 대통령 국정지지도 74%…지난주보다 3%P 상승갤럽종합,1
ynat-v1_train_00737,北 외화벌이 기관들 무역허가권 확보 경쟁 RFA,2
ynat-v1_train_00741,게시판 SKT AI 콘퍼런스 ai.x 2019 개최,6
ynat-v1_train_00745,서울 표준주택 공시가 17.75%↑…15억 초과 고가주택 정밀 조준종합2보,4
ynat-v1_train_00746,KT연세대 5G 상용망 기반 연구 플랫폼 출범,6
ynat-v1_train_00748,10∼20대는 유튜브 세대…하루 4.4회 52분 본다,4
ynat-v1_train_00750,오빠 감독 문경은·이상민 크리스마스에 3점 슛 대결,4
ynat-v1_train_00753,춘천시 환경사업소 관련 기자회견,3
ynat-v1_train_00754,미 대북정책 이란과 달랐다…전략적 인내가 핵실험 묵인,5
ynat-v1_train_00758,특징주 두산솔루스 분할상장 나흘째 상한가종합,4
ynat-v1_train_00762,美하원 트럼프 탄핵안 내일 표결…여야 막판까지 대충돌종합,2
ynat-v1_train_00764,내일날씨 새해 첫날 전국 가끔 구름 많음…아침 기온 영하 10도,4
ynat-v1_train_00769,원스토어 앱 유통 수수료 인하…30%→5%까지,0
ynat-v1_train_00773,트럼프 주장대로 불법이민자 전원 추방시 미국 경제 2% 축소,4
ynat-v1_train_00776,민주 평창올림픽 성공 개최 총력전…색깔론 한국당 맹공,6
ynat-v1_train_00777,창녕 40도 육박 불볕더위…물놀이·여름축제로 더위 탈출종합,5
ynat-v1_train_00779,현대판 파라오 엘시시 이집트 마지막 독립언론도 겁박,6
ynat-v1_train_00780,이주열 통화정책 완화정도 추가 조정 필요,0
ynat-v1_train_00782,中인민일보.美 중국/내정간a은d비열한 행위 Y비난,6
ynat-v1_train_00785,지난달 f| @분양 %F3천268채?7개월 연속 v소세,5
ynat-v1_train_00788,개막전 선발 후보 류현진 22일 시범경기서 마지막 점검,1
ynat-v1_train_00790,극적 역전승 김종민 감독 한 세트만 따면 반전 오리라...,6
ynat-v1_train_00792,대법 영원무역 비판기사 한겨레 정정보도·손배 책임없다,2
ynat-v1_train_00793,책 읽는 여성의 흑역사 전혜린을 위한 변명,6
ynat-v1_train_00795,내일날씨 제주도·영동 아침까지 비…동해·남해 풍랑 주의,3
ynat-v1_train_00798,KT삼성전자퀄컴 국제표준 기반 5G 데이터 통신 성공,3
ynat-v1_train_00799,한전 감사위원에 이성한 전경찰청장·조전혁 전의원,3
ynat-v1_train_00805,고용안정지원금 오프라인 신청 첫날…한숨 돌리게 됐어요,4
ynat-v1_train_00810,세계문화예술교육 주간 24일 개막…전국서 문화예술 행사,0
ynat-v1_train_00811,금감원 공공기관 지정 피했다…5년내 상위직 35%로 감축종합2보,6
ynat-v1_train_00817,트럼프가 한사코 부인했는데…멀베이니가 우크라 대가성 인정종합,0
ynat-v1_train_00818,"남북Z일농t경기대회 방북단 군용기로 내일4평양""방문",1
ynat-v1_train_00831,이강인 FK골 U19 대표팀 스코틀랜드에 12 패배,1
ynat-v1_train_00832,최지만 보스턴전 6호 솔로포 포함 멀티히트종합,5
ynat-v1_train_00834,이탈리아프랑스 정상 EU 난민 자동 배분 시스템 도입 합의,6
ynat-v1_train_00837,삼MdSK3Co그룹주 P재용w영V기각에 동반 랠리,5
ynat-v1_train_00839,북아프리카 스페인령 세우타 이슬람교회당에 괴한들 총격,4
ynat-v1_train_00843,경찰 두산 이영하에 승부조작 제의한 브로커 수사 착수,2
ynat-v1_train_00853,KT 더욱 작아지고 간결해진 AI TV 기가지니2 출시,4
ynat-v1_train_00855,오바마 사드는 순수한 방어체계…北위협 대응 위한 것속보,2
ynat-v1_train_00857,교육의 틀 바꾼다…충북교육청 학사운영 등 대대적 재구조화,3
ynat-v1_train_00858,한국MS 윈도10 IoT 에디션 출시…B2B 공략,5
ynat-v1_train_00861,특검 뇌물죄 수사 공식화…최순실 뇌물 피의자 조사,6
ynat-v1_train_00862,인공지능 컴퓨터 마침내 프로 바둑기사를 이기다,1
ynat-v1_train_00863,박건우 삭발은 인제 그만 올해는 초반부터 잘할 겁니다,3
ynat-v1_train_00868,북적이는 송악산 선착장,5
ynat-v1_train_00870,여자배구 1순위 디우프 인삼공사 순위 끌어올리겠다,4
ynat-v1_train_00874,한국기자8@ 창립P15[년 9념m,3
ynat-v1_train_00876,충북?대@로|맑다가 밤부터 구름e낮 최고g17AR[도,0
ynat-v1_train_00878,늦어지고 있는 단풍…오대산·설악산은 절정종합,0
ynat-v1_train_00880,홍콩 주둔 중국군 사령관 극단 폭력 절대 용납 안 해 경고,6
ynat-v1_train_00881,통일농구 방북단 귀환…조명균 체육교류 계속 이어질 것...,1
ynat-v1_train_00882,국립현대미술관 미술과 민주주의 화두로 국제심포지엄,3
ynat-v1_train_00884,안전 위협하는 어린이보호구역 후진 차량,6
ynat-v1_train_00886,치안불안 아프리카 말리 새 총리에 시세 전 재무장관,0
ynat-v1_train_00888,"간편결제 i 1위yL모바일결OICi…삼성페 ""2U",5
ynat-v1_train_00889,네이버 모바일 첫 화면 검색창 위주 개편…뉴스·실급검 뺀다종합,4
ynat-v1_train_00897,특징주 삼성전자 엿새 만에 약세 전환,1
ynat-v1_train_00901,LG유플러스 공식 온라인몰서 아이폰6 0원에 판매,1
ynat-v1_train_00904,갤럭시S8 덱스 지원하는 최적화 오피스앱 출시,0
ynat-v1_train_00905,베어링운용 증시 기초여건 우호적…위험요건은 상존,6
ynat-v1_train_00907,부마항쟁단체 文 후보에 항쟁의 명예 세워달라,0
ynat-v1_train_00908,아시안게임 라오스 야구 스리랑카에 패배…짧지만 강렬한...,1
ynat-v1_train_00910,5기 방통위 정치 후견주의 극복하고 독립성 강화해야,5
ynat-v1_train_00913,이란 핵합의서 한발빼…저농축 우라늄 저장한도 열흘뒤 넘겨,1
ynat-v1_train_00914,제6회 국제주택도시금융포럼,5
ynat-v1_train_00915,투표현장 권영진 대구시장 신명여중서 투표,2
ynat-v1_train_00919,홍윤식 청문회…총선관리·지방재정 등 정책질의 집중,5
ynat-v1_train_00921,내일날씨 찬바람 쌩쌩 불고 맹추위…서울 영하 8도,0
ynat-v1_train_00926,군부가 축출한 바시르 수단 전 대통령 교도소 수감,4
ynat-v1_train_00928,홍준표 황교안 선거권 없어…전대출마 자격 운운 난센스,4
ynat-v1_train_00933,더위 식히는 장맛비…남부·제주도 밤에 대부분 그쳐,3
ynat-v1_train_00934,1보 코스피 상승 출발…장중 1.900선 돌파,0
ynat-v1_train_00937,국민의당 당무위 진통,6
ynat-v1_train_00938,빈자리 드문 세종 국무회의장,0
ynat-v1_train_00940,MLB 유튜브에 후반기 13경기 생중계 콘텐츠 독점 제공,0
ynat-v1_train_00941,신간 잘못 알려진 미니스커트 경제학,4
ynat-v1_train_00942,日언론 화웨이 스마트폰 부품 약 50% 한미일 기업에 의존,6
ynat-v1_train_00943,미래부OECD 과학기술정책위원회 워크숍 개최,2
ynat-v1_train_00944,朴대통령 시릴만큼 아프게 부모잃어…안보소명론으로 사드호소종합,2
ynat-v1_train_00948,경남 초등생 19만명에게 세정제 등 위생 키트 제공 추진,3
ynat-v1_train_00951,美매체 여성들이 김정은 싫어하는 이유 분석,6
ynat-v1_train_00954,류현진이 변했다…콜로라도전 앞두고 또 불펜 투구,0
ynat-v1_train_00955,오륙도등대를 덮치는 거대한 파도,6
ynat-v1_train_00956,경북 4개 시·군 호우특보 해제…대부분 비 그쳐,0
ynat-v1_train_00957,MWC19 SK텔레콤 싱가포르 통신사 싱텔과 e스포츠 협력,4
ynat-v1_train_00959,중소기업이 일자리 29만개 늘릴 때 대기업은 4만개 줄였다,5
ynat-v1_train_00965,추미애 검언유착 수사 피의사실 공표 혐의로 고발돼,2
ynat-v1_train_00978,신간 의사의 거짓말 가짜 건강상식,0
ynat-v1_train_00982,회전 카메라 탑재한 갤럭시A80 SKT 단독출시…59만9천500원,4
ynat-v1_train_00985,2026년 민간 우주개발시대 연다…달착륙은 2030년 목표종합,3
ynat-v1_train_00990,포틀랜드 워싱턴 꺾고 NBA 서부콘퍼런스 선두 도약,4
ynat-v1_train_00995,코스피 외국인·개인 팔자에 하락…사흘만에 2200 밑으로종합,4
ynat-v1_train_00996,LH 광주전남본부 보유 토지 1만9천㎡ 매각,0
ynat-v1_train_01003,골프존 스크린골프 프랜차이즈 전환 시범 운영매장 모집,1
ynat-v1_train_01005,프로야구 LG 29일부터 일본 고치 마무리 훈련,5
ynat-v1_train_01006,보고 들으며 즐기는 詩…찾아가는 시문학 공연,5
ynat-v1_train_01017,아시안게임 2연패 노리던 한국 남자농구 이란에 막혀 ...,3
ynat-v1_train_01027,SK브로드밴드 T멤버십 혜택 강화,1
ynat-v1_train_01030,거미손 센터 이선규 은퇴 선언…16년 선수 생활 마감,4
ynat-v1_train_01031,평양정상회담정상회담 특별수행단 리용남과 면담,4
ynat-v1_train_01032,고대영 전 KBS 사장 해임 불복 소송냈지만 패소,2
ynat-v1_train_01039,특징주 삼성SDI 실적 개선에 강세종합,5
ynat-v1_train_01046,MLB 워싱턴 감독 총력전 선언 스트라스버그도 불펜 대기,4
ynat-v1_train_01048,한국디지털뉴스협회장에 양상우 한겨레 사장,6
ynat-v1_train_01050,포토에세이 6년 공사 끝내고 문 연 터키 최대 이슬람 사원 참르자,1
ynat-v1_train_01056,프로농구연맹 어시스터 모집,6
ynat-v1_train_01057,NEW트렌드 바람과 파도를 즐기는 또 다른 방법,1
ynat-v1_train_01059,기업은행 IBK희망디자X 대구t대신동 *말골목 지원,3
ynat-v1_train_01060,1930년대 재즈클럽으로 변한 공연장,5
ynat-v1_train_01064,네이버·LGU 지체 장애인에 AI스피커·음원 이용권 전달,5
ynat-v1_train_01067,北 유엔제재로 수출막힌 석탄 발전에 사용…전력난 완화,3
ynat-v1_train_01071,해킹 원천차단하는 양자암호통신 국가시험망 개소,1
ynat-v1_train_01075,이정현 골목상권 침해 정치권이 감시해야종합,6
ynat-v1_train_01076,프로축구 비디오판독 올해 K리그 챌린지로 확대할 듯,0
ynat-v1_train_01079,증시풍향계 트럼프의 보호무역 자본시장 관점에선 개방확대,2
ynat-v1_train_01080,여자농구 KB국민은행 20182019 시즌권 11일부터 판매,4
ynat-v1_train_01083,이야기하는 김태년과 홍익표,5
ynat-v1_train_01087,세원셀론텍 콜라겐 이용 의료용 재료 특허 취득,0
ynat-v1_train_01090,생각하기와 걷기는 닮았다… 신간 걷기 철학자의 생각법,3
ynat-v1_train_01092,호날두 vs 메시 266번째 엘클라시코가 온다,5
ynat-v1_train_01094,김학민 가5성 보인 8득점…KB손}보험 컵대회y0a경기g승리,1
ynat-v1_train_01097,황교안 오늘 세월호 일반인 희생자 5주기 추모제 참석,1
ynat-v1_train_01100,오신환 준연동형 비례대표제공수처 기소권 제한 대타협하자종합,6
ynat-v1_train_01101,중부지방 21일부터 장마 영향권…내달 20일께 끝날 듯,3
ynat-v1_train_01103,황희찬 빅클럽 관심 월드컵서 좋은 모습 펼쳐야,5
ynat-v1_train_01107,아시안게임 내전 아픔 속에 16강 진출한 시리아의 위...,3
ynat-v1_train_01109,고3 확진자 나왔는데…부산서도 조마조마 3차 등교수업종합,2
ynat-v1_train_01110,7월 승률 1위 무르익는 삼성의 PS 진출 꿈,0
ynat-v1_train_01111,일본 후쿠시마 원전폭발 이재민 타지역 정착 늘었다,4
ynat-v1_train_01112,340만 인구에 의대 정원 겨우 76명…경남 의료 인력 확충하라,6
ynat-v1_train_01116,삼성H재 극적인 역전D…tB손oh1R연패 늪J로,1
ynat-v1_train_01118,예탁원 증권박물관 서울학생배움터로 인증,3
ynat-v1_train_01119,트럼프 배신 코언 의회 증언 연기…가족들 협박받아,2
ynat-v1_train_01123,무릎 부상 즐라탄 시즌 아웃…내년 1월까지 출전 못해,1
ynat-v1_train_01126,삼성증권 LG전자 성장 방향성 재평가…목표가↑,4
ynat-v1_train_01127,수묵 큰 잔치 첫 국제수묵비엔날레 9월 개막,4
ynat-v1_train_01128,다음달 4∼7일 첫 민화전문 아트페어 열린다,1
ynat-v1_train_01130,오준호 KAIST 교수 등 과학기술훈장 창조장 수상,3
ynat-v1_train_01132,KT카스 NBIoT 사업협력을 위한 업무협약,6
ynat-v1_train_01133,클린턴 외교책사 북핵 6자회담 재개 신중해야 u3000,3
ynat-v1_train_01134,美국방 시리아 북동부 일부 병력 유전 인근 잔류옵션 논의 중,5
ynat-v1_train_01135,유영민 미래부장관 개혁 예고…새 술은 새 부대에종합,6
ynat-v1_train_01136,터키 에르도안 미국이 F35 안 팔면 다른 옵션 택할 것,2
ynat-v1_train_01139,코스닥 진입 수월해진다…자본잠식 등 상장요건 개편,0
ynat-v1_train_01148,18홈런 강백호 고졸 기록 넘어 신인 최다 홈런까지 겨냥,5
ynat-v1_train_01151,백두대간의 가을 하늘,6
ynat-v1_train_01155,MBC 전 계약직 아나운서들 계약만료 통보는 부당해고,4
ynat-v1_train_01156,남북 북미 정상회담과 한반도 평화를 논하다,5
ynat-v1_train_01162,3·1운동 현장 지금은…독립운동유적지 위성영상 공개,2
ynat-v1_train_01165,인텔이 BMW와 개발한 자율주행차,2
ynat-v1_train_01166,내주날씨 화요일까지 전국에 비…주 후반 찜통더위,4
ynat-v1_train_01168,위민크로스DMZ 28일 남북 평화기원 걷기행사,1
ynat-v1_train_01169,한국인보다 한국을 더 사랑한 호모 헐버트 박사,1
ynat-v1_train_01172,게시판 남아공관광청 관광 워크숍 개최,2
ynat-v1_train_01174,주한미군사령관 경례받는 문 대통령,4
ynat-v1_train_01175,네이버 이미지 검색 고도화…DB 2배 이상 확대,6
ynat-v1_train_01177,SKT 새 음악 플랫폼 플로 출시…AI 맞춤형 추천,1
ynat-v1_train_01178,통신3사 5G 가입자 경쟁 불붙었다…LG V50 지원금 최대 77만원,1
ynat-v1_train_01187,HDC 부동산114 자회사로 편입,6
ynat-v1_train_01188,중진공 중소기업 제품 간접 광고·활성화 지원,2
ynat-v1_train_01190,미술소식 유동훈·이제원 사진전 기억 속의 푼크툼,2
ynat-v1_train_01194,이석수 특별감찰관 수사 의뢰에 대한 청와대 입장 전문,2
ynat-v1_train_01196,LH 내년 전세임대주택 2만1천가구 공급,0
ynat-v1_train_01199,英 메이 유럽의회 선거 전 브렉시트 합의안 의회 표결 희망,3
ynat-v1_train_01205,신간 여덟 개의 산·나의 마지막 대륙,0
ynat-v1_train_01206,외교부 송민순 회고록 관련 언급할 사안없어,1
ynat-v1_train_01207,내일부터 이통 약정요금할인율 20→25%로 상향종합,4
ynat-v1_train_01209,벤투호 아시안컵 C조 최종전 상대 중국 UAE에 도착,0
ynat-v1_train_01210,삼성전자 갤럭시S8 체험존 방문객 160만명 넘었다,2
ynat-v1_train_01212,美사우스캐롤라이나 공화경선 루비오 트럼프 대항마 되나,1
ynat-v1_train_01213,경남도경남FC 도청 감사 갈등…경남FC 대표 사표,1
ynat-v1_train_01214,축구 용품 수집 과정의 담은 축구수집가의 비밀창고,3
ynat-v1_train_01216,프로농구 전망대 우울한 오빠 문경은이상민 성탄절에...,3
ynat-v1_train_01219,전세보증금 반환보증 가입 급증…전세금 받아달라 청구도↑종합,2
ynat-v1_train_01222,프로야구선수협 2군·저연봉선수 재활 무상 지원,3
ynat-v1_train_01223,통산 월드컵 4회 우승 이탈리아 축구 대재앙이 찾아왔다,0
ynat-v1_train_01224,보험다모아서 자동차보험 비교후 바로 가입한다,5
ynat-v1_train_01225,세계 첫 5G폰 갤럭시S10 5G 출고가 139만7천원 확정종합,5
ynat-v1_train_01227,26일 프로농구 신인 드래프트…1순위 변준형이냐 박준영이냐,4
ynat-v1_train_01229,러시아 극동 최대 향토박물관도 한국어 서비스 붐 동참종합,4
ynat-v1_train_01232,LG유플러스 U파손도움 서비스 확대,1
ynat-v1_train_01241,제주 전 학교 등교 중지 내년 1월 3일까지 연장…원격수업 시행,3
ynat-v1_train_01242,김해영 청년희망펀드 기부자 절반이 수탁은행 직원,6
ynat-v1_train_01248,이미지스 터치스크린 압력센싱 장치 특허권 취득,1
ynat-v1_train_01250,국정원 北사이버테러 현실화되고 있다…내일 긴급대책회의,6
ynat-v1_train_01252,충북 말복 더위 지속…강한 소나기 주의,4
ynat-v1_train_01254,힘 얻는 시진핑 미중 미니딜 성사·해외순방 통해 입지 다져종합,6
ynat-v1_train_01261,김정은 베이징 경제기술개발구 제약회사 동인당 공장 방문속보,2
ynat-v1_train_01262,KB증권 2분기 영업익 1천5억원…2.21% 증가,4
ynat-v1_train_01265,Q국`j아온 uZ처P축제…코믹콘 /0k개막,0
ynat-v1_train_01267,靑 시선은 벌써 특검으로…후보 누구라도 좋다,1
ynat-v1_train_01269,트럼프 이란은 거래 원한다…제재완화 여지 언급,4
ynat-v1_train_01273,여야 오늘 노동 5법 담판 시도…불발시 임시국회 소집,5
ynat-v1_train_01276,여야 北미사일 도발 규탄…강력 제재 한목소리 주문,0
ynat-v1_train_01279,평양정상회담 삼지연공항 도착한 문 대통령 내외,6
ynat-v1_train_01280,중도금 대출제한도 무색한 청약열기…1순위 마감 줄이어,1
ynat-v1_train_01281,우리은행 우리WON뱅킹에서 경매·공매 정보도 제공,6
ynat-v1_train_01284,전북교육청 8월 14일까지 학생 운동선수 폭력피해 실태조사,6
ynat-v1_train_01285,미래는 게임…애플·삼성 신제품 출시 맞춰 게임 플랫폼 내놔,4
ynat-v1_train_01291,전면 시행 앞둔 오픈뱅킹 재단장,2
ynat-v1_train_01297,메시 e골 폭격…!G사 챔스리그서?유벤투G에 30 !승,1
ynat-v1_train_01298,읽어야 하지만 아무도 읽지 않는 고전…어떻게 읽을까,5
ynat-v1_train_01303,출연연 국내출장비 정산 실비정산→정액지급…증빙수단 간소화,6
ynat-v1_train_01305,우즈베크전 골키퍼는 조현우 벤투 감독님 스타일 적응했다,0
ynat-v1_train_01306,경찰 특수사건 대표선수 특수수사과 간판서 특수 뗄까,3
ynat-v1_train_01308,새시즌 준비 류현진 27일 서울서 팬미팅,5
ynat-v1_train_01309,삼성 갤노트9 미국 컨슈머리포트 스마트폰 평가서 1위,0
ynat-v1_train_01310,與내부 핵무장론 탄력…사드 배치도 다시 공론화,1
ynat-v1_train_01311,이 뉴스는 30대 남성이 관심 많네…댓글로 분석한다,2
ynat-v1_train_01313,알리바바 홍콩증시 상장 승인받아…25일 정식 거래,5
ynat-v1_train_01316,유작 돼버린 마광수 소설집 곧 나온다,0
ynat-v1_train_01322,시진핑 방문에 마카오 초비상…홍콩 기자들 입경 거부당해종합,6
ynat-v1_train_01325,예술의전당 평일 공연 저녁 7시30분으로 앞당긴다,6
ynat-v1_train_01326,노트르담 화재 이틀만에…휘발유 들고 美성당 침입한 남성 체포,4
ynat-v1_train_01327,케이에스피 전 대표이사 배임 혐의로 불구속 기소,6
ynat-v1_train_01328,임실군 미취학 아동에 현금 10만원 지급,2
ynat-v1_train_01329,힐러리 대선보도에 불만…278일만에 첫 기자회견,2
ynat-v1_train_01330,예우받은 사바시아 45번 단 트라우트…감동의 MLB 올스타전,4
ynat-v1_train_01331,美언론 트럼프에 대반격…北과 다른 게 언론의 자유와 책임,2
ynat-v1_train_01332,SK로 이적한 강승호 LG서 좋은 모습 못 보여드려 죄송,4
ynat-v1_train_01334,영상 류현진 내가 홈런 친 후 팀 대량 득점 중요한...,5
ynat-v1_train_01336,신태용 감독은 아시아의 모리뉴…월드컵 성공은 물음표,4
ynat-v1_train_01337,차의과학대 현대그린푸드·현대백화점과 사회공헌협약 체결,2
ynat-v1_train_01339,청룡기 우승 축하 다스코 대표 광주동성고 5천만원 쾌척,0
ynat-v1_train_01344,킹 르브론 제임스 레이커스 유니폼 입는다…4년 계약,4
ynat-v1_train_01348,금의환향한 류현진 추신수와 같은 팀 특별할 것 같다,5
ynat-v1_train_01349,관광올림픽에 승부…강원도 외국인 관광객 300만명 유치,1
ynat-v1_train_01351,로봇 손이 스마트폰 잡을 수 있도록 돕는 인공 피부 개발,6
ynat-v1_train_01353,뮤지컬 타이타닉 제작발표회,6
ynat-v1_train_01358,알함브라 궁전의 추억 무삭제 대본집 예약판매,4
ynat-v1_train_01359,한복 입고 영산강 황포돛배 타면…요금 50% 할인,4
ynat-v1_train_01362,KT 멀티캠퍼스와 기가지니 SERICEO 서비스 론칭,1
ynat-v1_train_01363,서울시 미세먼지 주의보 3시간 만에 해제종합,2
ynat-v1_train_01367,월드컵 손흥민·황희찬 발끝김신욱 머리에 달렸다,1
ynat-v1_train_01374,한진그룹&3@ 조wU 대한항공 총괄 부사장에 선임,5
ynat-v1_train_01376,이스라엘*+레스타인v!v지구 공Y…로L5발사J 대t,6
ynat-v1_train_01379,괴력의 게레로 주니어 올스타 홈런 더비 신기록 세우고 4강행,0
ynat-v1_train_01381,정개특위 한국당 반발 속 활동기간 연장 추진,1
ynat-v1_train_01382,이녹스 1분기 영업이익 17억원…76% 감소,3
ynat-v1_train_01386,한·\·일I몽골 전문_r미세먼[ 해( 위해 at았다,3
ynat-v1_train_01388,학원비도 카톡으로…카카오페이 결제시스템 출시,0
ynat-v1_train_01389,20대 여성 전주서 실종…전주 여성 살해 피의자 연관 가능성종합,1
ynat-v1_train_01391,게시판 코엑스서 인공지능 기술 콘퍼런스,1
ynat-v1_train_01392,구글 1년 이상 구독 앱 거래 수수료 절반으로 인하종합,0
ynat-v1_train_01395,키신저 만난 시진핑 美中 소통 강화해 오해·오판 피해야,2
ynat-v1_train_01396,KBO 신임 사무총장에 장윤호 스타뉴스 대표종합,6
ynat-v1_train_01397,IC 카드단말기 미전환시 21일부터 결제 차단,6
ynat-v1_train_01398,휘어지는 종이 알루미늄 전지 개발…웨어러블 기기에 활용,6
ynat-v1_train_01399,워커 맨시티 공식 입단…英 선수 최대 이적료,4
ynat-v1_train_01400,北 장거리미사일 기습발사 가능성…발사대에 가림막 설치,3
ynat-v1_train_01402,충북 장마전선 영향…내일까지 50∼100㎜ 비,2
ynat-v1_train_01403,LS엠트론 자동차 부품 사업 분할…신설회사 설립,5
ynat-v1_train_01404,제주국제합창축제 개막,4
ynat-v1_train_01409,與 김재수 해임건의안 제출에 옹졸한 정치보복성 공세종합,3
ynat-v1_train_01413,수원 서정원 감독 권창훈 빠른 템포 적응하면 실력 보여...,6
ynat-v1_train_01415,은성수 후보자 위기라고 하다 보면 정말 위기가 온다,3
ynat-v1_train_01416,남북통일농구 오늘 혼합경기로 팡파르…김정은 관전 가능성,3
ynat-v1_train_01418,하이투자 한전 2분기부터 실적 개선 전망…목표주가↑,2
ynat-v1_train_01422,테슬라 4분기 연속 흑자…국내 2차전지 업체 수혜 기대,6
ynat-v1_train_01424,전직 대법관 영장기각 항의,4
ynat-v1_train_01425,직원 채용에 압력 행사한 전 대구창조경제혁신센터장 집유,2
ynat-v1_train_01427,대통령 휴양지 저도 출입제한…정비후 내년 3월 재개방종합,4
ynat-v1_train_01428,국민의당 권은희 朴대통령 저격 풍자 SNS 포스터 논란,0
ynat-v1_train_01429,산천어축제 창작썰매 경주 진짜 이기고 싶다,3
ynat-v1_train_01430,거래소 ELS 상반기 상장…안정성·환금성 높인다,6
ynat-v1_train_01431,피서는 동해안으로…강원지역 해수욕장 개장,5
ynat-v1_train_01432,마크롱 G20서 트럼프와 이란 위기 해법 논의할 것,1
ynat-v1_train_01435,롯데호텔 대표이사 내정자 김현식 전무,3
ynat-v1_train_01436,우리금융지주 한국거래소 신규 상장,2
ynat-v1_train_01438,미래부 VR·AR 펀드 운용사에 케이큐브벤처스 선정,6
ynat-v1_train_01444,SKT 갤럭시 A8 스타 단독 출시,3
ynat-v1_train_01446,토마스 트리플더블…삼성생명 국민은행 12연승 막고 시즌 마감,6
ynat-v1_train_01447,美텍사스서 열기구 화재후 추락…최소 16명 사망한 듯종합,4
ynat-v1_train_01451,리비아서 피랍 이탈리아 인질 극적 탈출로 목숨 건져,2
ynat-v1_train_01452,베르나르 베르베르 방한 기자간담회,1
ynat-v1_train_01454,출근하는 통일부 장관,1
ynat-v1_train_01455,백의종군 최경환 경북 모임서 족쇄 풀렸다 소회,2
ynat-v1_train_01458,北김기남 대북확성기 방송 비난…전쟁 접경에로 몰아간다,2
ynat-v1_train_01460,전자통신연 환자 생체신호 실시간 원격 측정장치 의료기기 품목인증 획득,6
ynat-v1_train_01461,신간 인공생명의 탄생,4
ynat-v1_train_01463,네이버TV캐스트 네이버TV로 새 단장…모바일 편의성↑,3
ynat-v1_train_01474,현장 서울시장은 나야 나…박원순·김문수·안철수 첫 유세 장소는,0
ynat-v1_train_01475,공시지가 열람은 부동산공시가격알리미에서..,4
ynat-v1_train_01481,온라인 명품 구매 늘었다…롯데닷컴 올해 명품 매출 25%↑,2
ynat-v1_train_01486,네이버 야심작 웨일 써보니…화면 분할 기능 편리,2
ynat-v1_train_01487,르포 궁극의 화질 LG 올레드 TV 라인 베일 벗었다,2
ynat-v1_train_01489,유엔 헝가리에 국경지대 난민 학대 조사 촉구,2
ynat-v1_train_01490,伊의원들 의석 3분의1 감축 법안에 반발…헌법재판소에 청원,1
ynat-v1_train_01491,탱크·전투 헬기가 바닷속에…요르단 수중 군사 박물관 공개,6
ynat-v1_train_01492,온라인 채용설명회 준비하는 국내외 인사담당자,1
ynat-v1_train_01493,전북 교육계 전교조 법외노조 취소 판결 일제히 환영,5
ynat-v1_train_01494,그리스 조만간 10년물 국고채 발행…구제금융 이후 처음,6
ynat-v1_train_01496,게시판 한은 알기쉬운 경제이야기 UCC 공모전 수상작 선정,0
ynat-v1_train_01498,배구협회 세계한인여성협회와 대표팀 지원 업무협약,1
ynat-v1_train_01500,대전경찰 코로나19 방역지침 어긴 7명 송치…신속대응팀 운영,3
ynat-v1_train_01501,구글홈 써보니 똑똑하긴 한데…막상 필요한 서비스는 부족,5
ynat-v1_train_01502,기가레인 주당 1주 무상증자 결정,6
ynat-v1_train_01503,美대선 낙마 워커주지사 위스콘신 경선 앞두고 크루즈 공개지지,0
ynat-v1_train_01504,미래·문체·환경 등 4∼6개 부처 개각론 부상,2
ynat-v1_train_01505,日언론 고노 외상 美 USTR 대표와 회담…WTO 개혁 연대키로,5
ynat-v1_train_01506,이란·이라크 IS 수괴 사망 정보 확보종합,5
ynat-v1_train_01507,밤낮없는 무더위…강릉 30.1도 등 강원 대부분 열대야,2
ynat-v1_train_01509,일문일답 가상계좌 중단 거래봉쇄 효과…거래소 폐쇄 특별법도 논의 중,2
ynat-v1_train_01512,전국대학원생노조 경북대 실험실 폭발 피해자 끝까지 책임져야,3
ynat-v1_train_01517,北 중국내 근로자 탈북 막으려 보위부 요원 300명 급파종합,3
ynat-v1_train_01518,설 최고관광지는 전주한옥마을…빅데이터 분석 2년 연속 1위,4
ynat-v1_train_01519,악성 부채 고려하면 中 성장률 정부 발표치 절반에 불과,6
ynat-v1_train_01522,벤투호 12일 출국…호주·우즈베크와 아시안컵 리허설,4
ynat-v1_train_01524,국민 10명 중 8명 혁신 기술로 일자리 줄어들 것,5
ynat-v1_train_01528,게시판 수요낭독공감 8일·22일 개최,0
ynat-v1_train_01530,힐러리 본선에 성큼…트럼프 자력후보 희망 살려 전망은 불투명,2
ynat-v1_train_01532,기다렸다 눈과 추위야…강원 스키장 개장 준비 분주,0
ynat-v1_train_01534,트럼프 中 거래 원해도 美 준비 안돼…이란 체제전환 요구안해,1
ynat-v1_train_01537,현대기아차 2차 충돌 대비하는 에어백 세계 최초 개발,5
ynat-v1_train_01542,일 한 번 내보자…여자축구 대표팀 지탱하는 베테랑의 힘,5
ynat-v1_train_01543,책과 함께 보는 영화 4편…한여름 밤의 스크린셀러 영화제,1
ynat-v1_train_01545,평양정상회담 휴식 장소로 이동하는 남북 정상,3
ynat-v1_train_01550,인간과 퀴즈 대결…인공지능은 어떻게 문제를 풀까,5
ynat-v1_train_01551,신간 나는 왜 아이디어가 궁할까·나는 습관을…,6
ynat-v1_train_01553,7월부터 일요일 휴대전화 개통업무 중단…집단상가는 반발,4
ynat-v1_train_01555,시흥시 민선 7기 일자리 10만개 창출,0
ynat-v1_train_01557,프로농구 kt 로건 없이도 삼성 완파…벌써 지난해 10승...,6
ynat-v1_train_01558,미래에셋 GS건설 내년 영업익 대폭 증가할 것,4
ynat-v1_train_01566,게시판 인텔 국제과학기술경진대회 대표단 발대식,3
ynat-v1_train_01567,관훈클럽 사무국장에 이재우씨 임명,3
ynat-v1_train_01569,적자전환 실적최악 상장사도 주가는 9%나 상승,5
ynat-v1_train_01571,등교하며 손 소독·발열 검사 필수,0
ynat-v1_train_01572,과기부 톈궁1호 4월 2일 추락할 듯…새벽2시∼오후2시 예상,3
ynat-v1_train_01575,손흥민 과감한 돌파 토트넘 맨유에 21 승리…EPL...,0
ynat-v1_train_01576,되살아난 트라우마 롯데 연패에 울고 판정에 울고,5
ynat-v1_train_01577,국고채 금리 일제히 하락…3년물 연 1.717%,5
ynat-v1_train_01578,롯데그룹 글로벌 진출 지도 바뀐다,2
ynat-v1_train_01579,민주 국회 보이콧 공허한 엄포 멈춰라…한국·바른미래 맹공종합,0
ynat-v1_train_01580,웨어러블 로봇·드론 이용한 이색 퍼포먼스 로봇나무,5
ynat-v1_train_01581,없어서 못 팔아요 갤럭시S10 품귀…내주 이후 공급 원활,1
ynat-v1_train_01582,리그 발전 논의하는 KBO 윈터미팅 29∼30일 개최,6
ynat-v1_train_01584,울산현대고 아디다스 K리그 고등부 축구리그 4년 연속 우승,1
ynat-v1_train_01585,靑 청렴사회 공감하면서도 경제위축 고민은 계속,4
ynat-v1_train_01588,이야기하는 홍준표와 김성태,4
ynat-v1_train_01591,더민주 보수 결집용 북풍…국민의당은 정부비판 자제,6
ynat-v1_train_01598,美 지난주 실업수당청구건수 26만6천건…소폭 상승,3
ynat-v1_train_01599,민주일반연맹 비정규직 차별철폐 공동행동,5
ynat-v1_train_01601,2보 코스피 상승 출발…개인 매수에 장중 1940선 회복,1
ynat-v1_train_01604,과기단체 연구윤리 훼손에 경각심…윤리 규범 마련하겠다,4
ynat-v1_train_01605,프로배구 OK저축은행 한국전력에 셧아웃 승리…5위 도약,3
ynat-v1_train_01610,서울 나흘째 한파경보…2000년 이후 최장기간 유지,0
ynat-v1_train_01615,사이버테러 대비 IT기반시설 142곳 긴급 보안점검종합,5
ynat-v1_train_01616,금감원 이어 공정위까지…6부기관[사칭B악h메1 기승,3
ynat-v1_train_01618,경기도 19개 시 14시 오존주의보 발령,3
ynat-v1_train_01620,탈북민 하나원 교육생들 취약계층에 봉사활동,4
ynat-v1_train_01621,게시판 KEB하나銀 내집마련 더블업 적금 가입자 2만명 돌파,4
ynat-v1_train_01622,원달러 환율 나흘째 상승,5
ynat-v1_train_01624,프로농구 현대모비스 수석코치에 조동현 전 kt 감독,2
ynat-v1_train_01626,삼성 23일 갤노트10 70개국 출시…9월 130개국으로 확대,3
ynat-v1_train_01628,3년 만에 1부리그 뛴다…경남FC 승리 다짐 출정식,1
ynat-v1_train_01631,이란 美 드론의 영공 침범 부인할 수 없는 증거 있어,5
ynat-v1_train_01633,호르무즈 호위연합 추진 美 외교단에 수송로 보호계획 설명,0
ynat-v1_train_01634,홍콩서 美 홍콩 인권법안 통과 촉구 대규모 집회,4
ynat-v1_train_01635,김성태 야당 견제권력 확보하는 방향으로 원 구성해야,2
ynat-v1_train_01636,여야 文대통령 기무사 재편 지시에 적절 조치 조급 처리,5
ynat-v1_train_01637,이통 3사 일괄 요금인하 부담 커…단말기 비용 고려해야,4
ynat-v1_train_01639,음성 PVC 제조공장서 불…2억5천만원 피해,1
ynat-v1_train_01640,올림픽 펜스와 아베 뒤로 김영남과 김여정,3
ynat-v1_train_01641,이탈리아서 전통적 가족가치 옹호 회의…시대착오적 맞불 집회,6
ynat-v1_train_01643,이순삼 홍준표는 나라 위급할 때 바로 잡아줄 후보,2
ynat-v1_train_01645,월드컵 짝퉁이 진짜를 이겼다…신태용 닮은꼴 뢰프...,1
ynat-v1_train_01646,SK 최정 시즌 마수걸이 아치…홈런왕 3연패 시동,2
ynat-v1_train_01649,베스트셀러 김난도 트렌드 코리아 2020 3주째 1위,3
ynat-v1_train_01653,올해의 여기자상에 중앙일보 이유정 기자 등,5
ynat-v1_train_01656,日언론 文대통령 역사 문제 언급 자제…대일 비난 억제종합,2
ynat-v1_train_01659,보험사 대출잔액 238조원…주택담보대출 증가 전환,1
ynat-v1_train_01660,박철우 26점 폭발 삼성화재 OK저축은행 꺾고 3위 점프,0
ynat-v1_train_01665,갈루치 북미접촉 결과 차기 美행정부에 전달,4
ynat-v1_train_01666,과기정통부 사물인터넷 보안인증 제도개선 연구반 가동,6
ynat-v1_train_01670,경남교육청 기후위기 시대 환경교육 강화 비상 선언,3
ynat-v1_train_01673,아시안게임 베트남과 4강전 앞둔 김학범의 승부수 한 ...,1
ynat-v1_train_01675,시원하게 쪽배축제 즐기세요,5
ynat-v1_train_01677,2020 하반기 해외취업 화상면접 주간 행사,1
ynat-v1_train_01678,브리검 7이닝 1실점…넥센 한화전 4연패 탈출,1
ynat-v1_train_01679,NBA에서 벗겨진 농구화 들고 블록슛 시도…막았으니 됐다,1
ynat-v1_train_01683,프레스센터 언론계 반환 서명식,3
ynat-v1_train_01687,SKT 설 연휴 이동 애프터서비스 센터 운영,6
ynat-v1_train_01688,LGU 잠실야구장에 프로야구 5G 체험존 운영,3
ynat-v1_train_01690,민주노총 위원장 코로나19 극복 비용 재벌이 적극 부담해야,3
ynat-v1_train_01691,오지환·박해민 포함 아시안게임 예비 엔트리 109명 발...,2
ynat-v1_train_01692,KT·SKT 나란히 국제표준 생체인증 획득종합,1
ynat-v1_train_01694,주말 N 여행 호남권 산정상 물 들인 철쭉의 막바지 화려한 자태,2
ynat-v1_train_01695,프랑스 공무원 대규모 감축목표서 후퇴…감원폭 줄이기로,6
ynat-v1_train_01696,신간 스피노자의 귀환·제국의 관문,3
ynat-v1_train_01699,바이오 산업 신성장 동력이지만 투자 적고 성과도 부족,4
ynat-v1_train_01702,연말부터 12시간 단위 데이터 로밍 가능,5
ynat-v1_train_01704,손안의 포켓볼 까롬을 아시나요…춘천국제레저대회 첫선,3
ynat-v1_train_01706,문 대통령 김기식 금감원장 사표 수리,1
ynat-v1_train_01707,SKT 미래 고객 잡는다,3
ynat-v1_train_01709,한발 물러선 金 막지 않겠다…文 호남행 정면돌파,1
ynat-v1_train_01710,우산 챙기세요…전국 구름 많고 소나기,0
ynat-v1_train_01711,한수원기업은행 코로나 피해 원전협력사 대출기금 400억 조성,2
ynat-v1_train_01713,이채원 부사장 짧은 쇼크…주식 빨리 살 필요는 없다,0
ynat-v1_train_01714,스트리플링 8이닝 1실점…다저스 6연패 탈출,2
ynat-v1_train_01716,하나금투 대우조선해양 LPG선 시장 도전자로 부상,1
ynat-v1_train_01717,中 베이징서 H7N9 조류인플루엔자 환자 또 발생,6
ynat-v1_train_01718,이집트 대통령 美 방송서 이스라엘과 군사협력 인정,3
ynat-v1_train_01719,北 대남테러 예상유형은…사이버 공격·요인 테러 가능성,2
ynat-v1_train_01720,페이스북 메신저 암호화 기능…저커버그 미래는 프라이빗,4
ynat-v1_train_01722,아이폰 사용자 삼성폰 사용자보다 포켓몬고 즐겨,4
ynat-v1_train_01724,토트넘 포체티노 감독 컵 대회 로테이션 방침 유지 시사,2
ynat-v1_train_01726,한국 증시 중국 기업 줄줄이 상장폐지…완리까지 10번째,0
ynat-v1_train_01727,특징주 백기사 델타항공 지분 매입에 한진칼 약세,5
ynat-v1_train_01729,방탄소년단 LG G7 씽큐 광고 50일만에 1.5억뷰 돌파,5
ynat-v1_train_01732,정치개혁 제2소위 공직선거법 개정안 등 심의,3
ynat-v1_train_01733,스카이스캐너 올해 설 연휴 가족 해외여행객 증가,2
ynat-v1_train_01735,국내 과학자들 자유공모 기초연구지원 늘려야,1
ynat-v1_train_01737,중기부 규제자유특구 분과위원장 간담회,6
ynat-v1_train_01738,클래식 전용홀서 듣는 황병기의 가야금 연주,0
ynat-v1_train_01740,코트라 소비재와 부품으로 미국 시장 공략해야,2
ynat-v1_train_01741,오키나와 민심 달래러 간 아베…돌아가라 야유 당해종합,1
ynat-v1_train_01742,칠레 컨페드컵 2차전에서 젊은 독일과 11 무승부,2
ynat-v1_train_01744,농구장에 평균 65세 실버세대 도우미 10명 떴다,0
ynat-v1_train_01747,대구·경북 수은주 뚝…내일 새벽 산지엔 서리·얼음,0
ynat-v1_train_01754,美 미사일방어시스템 한국에 최대한 조기구축 희망1보,6
ynat-v1_train_01755,주유소 기름값 계속 오르는데…국제유가 더 상승할까,5
ynat-v1_train_01756,문희상 의장 취임 기자간담회,5
ynat-v1_train_01757,푸틴 시 주석에 러북 정상회담 결과 설명…한반도 정세 논의,6
ynat-v1_train_01763,콜롬비아 평화협정 3년만에…옛 FARC 지도자 다시 무기 들겠다종합2보,2
ynat-v1_train_01765,성장멈춘 스마트폰 애플 고가화·삼성 프리미엄 부각으로 대응,4
ynat-v1_train_01766,문 대통령 대한민국의 이름으로 당신을 기억합니다,5
ynat-v1_train_01767,과학기술인 전문성 바탕 국민적 관심사항에 목소리 낸다,4
ynat-v1_train_01770,北 김정은 뿔테안경 쓰고 담담한 표정으로 신년사 낭독,6
ynat-v1_train_01772,조선 문신 서유구가 꼽은 명당 233곳은 어디일까,6
ynat-v1_train_01774,환담하는 이해찬 대표와 파비앙 페논 주한 프랑스대사,6
ynat-v1_train_01775,시즌 첫 골 손흥민 모든 상황 준비해 좋은 결과로 이어졌다,5
ynat-v1_train_01776,LGU 5G SA 상용화 준비…SA 기술 NSA 코어 장비에 연동 검증,5
ynat-v1_train_01780,출판계 출판문화산업진흥원장 추천 후보 2명 선정,6
ynat-v1_train_01781,알뜰폰 위기감 커진다…CJ헬로 사업자협회와 마찰탈퇴종합2보,3
ynat-v1_train_01784,영상 인니 경찰 2m 넘는 구렁이로 위협 심문…거짓말 하면 물린다,2
ynat-v1_train_01785,전력소모 없는 무전력 메모리 가능성 첫 규명,3
ynat-v1_train_01788,中 RCEP 추진 박차…아태지역 통합에 TPP보다 유리,0
ynat-v1_train_01791,황총리 생활 체육시설 확충…맞춤형 프로그램 공급,6
ynat-v1_train_01794,옥션 5만∼10만원 한우 설 선물세트 인기,5
ynat-v1_train_01799,메르켈 트럼프로부터 인종차별 美 여성의원들에 연대감 느껴,1
ynat-v1_train_01800,과기부 문재인 정부 2주년 과학기술·ICT 성과 발표,3
ynat-v1_train_01801,폭로전·삿대질·고성·몸싸움…막장 치닫는 바른미래당,4
ynat-v1_train_01802,전국 폭설·한파 동장군 맹위…교통 마비·출근길 불편,0
ynat-v1_train_01805,하나금투 서울반도체 올해 실적 상저하고…매수,5
ynat-v1_train_01806,서울시 인권위 노숙인 공공일자리 축소안 철회 권고,0
ynat-v1_train_01807,양효진 우리 꼭 이겨야 한다고 다짐하면서 훈련 중,3
ynat-v1_train_01808,미래부·창의재단 SW교구활용 교사연구회 모집,3
ynat-v1_train_01810,아름다운 금강 둘레길,0
ynat-v1_train_01811,스캘리아 美대법관 장례식 엄수 수천명 애도…오바마 불참 논란,5
ynat-v1_train_01814,헬로모바일 어르신 대상 평생 반값 요금제 출시,5
ynat-v1_train_01815,제주 4·3 아픔 보듬는 시집…꽃보다 먼저 다녀간 이름들,2
ynat-v1_train_01818,U림2 문M로 물들5e…강원\제비3날레 내달 개막,1
ynat-v1_train_01819,홍콩 정부 사실상 계엄령 선포…시민 저항 꺾을지는 미지수,0
ynat-v1_train_01820,삼성 갤럭시A8 5일 출시…KT 오늘부터 예약판매,2
ynat-v1_train_01824,폭염엔 역시 얼음,3
ynat-v1_train_01825,朴대통령 한러 기업인에 극동협력 당부,3
ynat-v1_train_01826,KT 배터리 절감 기술로 갤럭시 S9 최대 55% 더 쓴다,4
ynat-v1_train_01828,1인당 스마트폰 데이터 사용량 6GB 눈앞…동영상이 59%,5
ynat-v1_train_01830,녹색기술센터 아프리카 기니 가뭄 해결에 나선다,2
ynat-v1_train_01831,EU 러시아·시리아에 온건반군 공격 중단 촉구,0
ynat-v1_train_01832,무주서 한국사진기자협회 전북지부 보도사진전,5
ynat-v1_train_01833,최지만 3경기 연속 타점…2루타 포함 멀티히트,1
ynat-v1_train_01835,최정윤 전통춤 경연대회 대통령상 수상,3
ynat-v1_train_01836,프로야구 SK 신인 상시 교육…새로운 팀 문화 기대,3
ynat-v1_train_01840,오늘 고강도 부동산 대책 발표…다주택자 등 투기수요 겨냥,0
ynat-v1_train_01841,프럼파스트 21억원어치 자사주 시간외 매매 결정,5
ynat-v1_train_01844,혜성 67P 분리합체 과정 반복,6
ynat-v1_train_01845,먼지공습 걷혔다…경기 전역 미세먼지주의보 해제,2
ynat-v1_train_01846,그래픽 자동차사고 과실비율 인정기준 개정 주요 내용,6
ynat-v1_train_01848,새누리 새 원내대표에 정진석…정책위의장 김광림속보,2
ynat-v1_train_01852,북한 노동당 제7차 대회 5월 6일 개최2보,5
ynat-v1_train_01855,100번째 등판 류현진 통증 느껴 자진 강판…1⅔이닝...,4
ynat-v1_train_01856,제21회 울산보훈대상 5개 부문 시상…경상일보 주관,4
ynat-v1_train_01857,넥센 전지훈련 마치고 6일 귀국…캠프 MVP는 신재영·김지수,2
ynat-v1_train_01858,넷플릭스 CCO 한국 콘텐츠 코로나 예방하며 제작,5
ynat-v1_train_01859,LH 아파트에 지능형 스마트홈 구축한다,6
ynat-v1_train_01860,반세기 꿈 베네치아 자치권 획득 또 좌절…주민투표 부결,4
ynat-v1_train_01861,쿠쿠홈시스 최대주주 쿠쿠홀딩스로 변경,0
ynat-v1_train_01862,UAE 칼둔 행정청장 내일 방한…문 대통령·임 실장과 면담 전망종합,3
ynat-v1_train_01863,화웨이페이도 해외 진출…글로벌 페이 주도권 경쟁 심화,0
ynat-v1_train_01867,KT 기가지니 더 똑똑해진다…가입자도 30만 돌파 쑥쑥,4
ynat-v1_train_01871,코스피 美급락 여파에 2030대 털썩…코스닥 1%대 하락종합,0
ynat-v1_train_01873,LG전자 스마트폰사업 10분기 적자…3Q 영업손실 3천753억종합,3
ynat-v1_train_01874,게시판 AWS 22일 머신러닝 온라인 콘퍼런스,2
ynat-v1_train_01876,中 만리장성 지키자…드론·위성 통해 밀착 감시,6
ynat-v1_train_01877,존슨 영국 총리 취임 후 첫 보궐선거 패배로 타격,1
ynat-v1_train_01878,충북소식 도교육청 청렴 콘텐츠 공모전서 우수상,5
ynat-v1_train_01880,대전협 비대위 의결 과정에 절차상 문제없었다,1
ynat-v1_train_01883,옛 인기예능 모아보자…KBS 깔깔티비 오픈,6
ynat-v1_train_01885,하루키 한정판·애니 너의 이름은.…새해 日소설 인기몰이,2
ynat-v1_train_01887,남편의 과도한 사랑에 숨 막혀…UAE서 아내 이혼청구,5
ynat-v1_train_01891,더민주 서영교 여파 지역위원장 심사기준 강화,5
ynat-v1_train_01893,다승 1위 두산 이용찬 옆구리 통증으로 1군 말소,0
ynat-v1_train_01895,디아이씨 종속회사 쿠팡에 전기화물차 10대 공급 계약,1
ynat-v1_train_01900,中매체 G20 미중 정상회담 앞두고 평등한 협상이 관건,4
ynat-v1_train_01901,한국문화재재단 12일 장구 명인 이성진 추모 공연,3
ynat-v1_train_01902,국민의당靑 인사원칙 입장에 궤변…대통령 직접 해명해야,0
ynat-v1_train_01905,금융위 집단대출·비은행권 가계대출 집중관리 필요,2
ynat-v1_train_01909,인디 게임 개발 개성·특징 담아내는 게 매력,6
ynat-v1_train_01913,국제유가 사흘만에 반등…WTI 이번주 2.2%↓,2
ynat-v1_train_01914,한국방송협회장에 박정훈 SBS 사장 취임,2
ynat-v1_train_01919,런던심포니가 들려준 천상의 삶…평화롭지만 지루해,0
ynat-v1_train_01921,미중 무역분쟁 빅뉴스 기대감에 원달러 환율 하락,0
ynat-v1_train_01922,소말리아서 미군기지 겨냥 폭탄테러…알샤바브 배후 자처종합,5
ynat-v1_train_01924,카카오 블록체인 플랫폼 클레이튼 6월말 정식 공개,0
ynat-v1_train_01927,메리츠종금 내년 코스피 1900∼2400 등락,1
ynat-v1_train_01931,교양만화로 돌아온 윤태호 지적호기심 강한 시대에 맞는 만화,2
ynat-v1_train_01936,연합이매진 끄라비 에메랄드 빛깔의 열대 낙원,6
ynat-v1_train_01938,에어비앤비 만리장성에서의 하룻밤 어때요,2
ynat-v1_train_01940,백낙청이 말하는 더 나은 세상…회화록 6∼7권 출간,2
ynat-v1_train_01944,추미애 검언유착 책임론 정면돌파…윤석열 고립·이성윤 신임종합,2
ynat-v1_train_01945,불공정 혐의 단골 기업 공정위 본부 직접 조사받는다,0
ynat-v1_train_01946,평가 과정 부당…구설 휘말린 AI·인간 번역 대결,1
ynat-v1_train_01947,미래에셋대우 엔씨소프트 매출 1위 굳건…목표가↑,5
ynat-v1_train_01952,내일날씨 전국 구름 많아…아침 12∼1도 한파 이어져,4
ynat-v1_train_01957,게시판 MBC 신입사원 공개채용,3
ynat-v1_train_01961,답변하는 강수진 국립발레단장,0
ynat-v1_train_01963,만트럭버스코리아 페어 2018 기자간담회,1
ynat-v1_train_01965,적극행정 다짐하는 방송통신위원회,2
ynat-v1_train_01968,미중 무역협상 불안에 코스피 장중 2150대 후퇴종합,6
ynat-v1_train_01971,민주주의를 망치는 포퓰리스트를 경계하라,0
ynat-v1_train_01974,프As구L수원 5정원 감독 16강 $는 길에 방심=*없다,1
ynat-v1_train_01976,오션a6지 중& 자회사 지분 2억~O 취득,5
ynat-v1_train_01982,김빛내리·현택환·오용근 단장팀 연구 세계적 수준,4
ynat-v1_train_01983,네이버 뉴스 댓글 조작 의혹 경찰에 수사 의뢰,6
ynat-v1_train_01985,36년 만의 北 노동당 대회 5대 관전포인트,6
ynat-v1_train_01995,이글스파크를 잡아라 대전 자치구 야구장 유치 경쟁,4
ynat-v1_train_01997,홍세섭 영모도부터 김환기 서예까지…정동1928아트센터 개관전,2
ynat-v1_train_01998,일리아스·오디세이아…쉽게 읽는 서양 고전문학,1
ynat-v1_train_02007,靑 대단히 중요한 순방…丁의장 사드 발언 우려,0
ynat-v1_train_02008,역사는 인간 어리석음의 기록…어리석은 선택의 반복 이유는,1
ynat-v1_train_02009,포스코ICT 새로운 스마트 X 솔루션 개발 추진,2
ynat-v1_train_02015,프로농구전망대 헤인즈 복귀 SK 상위권 도약 시동 걸까,0
ynat-v1_train_02016,이란 인공위성 발사체 폭발 사고 자인…기술 결함,3
ynat-v1_train_02021,朴대통령 오늘 스위스 대통령과 정상회담,0
ynat-v1_train_02024,美 중국과의 남중국해 영유권 분쟁국들에 공개적 대응 주문,3
ynat-v1_train_02031,김종민 도로공사 감독 힘에 부쳤다…2차전 걱정된다,0
ynat-v1_train_02036,부활한 다르빗슈에 고무된 日 언론 사이영상 기대,2
ynat-v1_train_02039,골든스테이트휴스턴 NBA 서부콘퍼런스 결승 맞대결,6
ynat-v1_train_02041,국제유가·곡물가↓…올해 농업경영비 3.3% 감소 전망,2
ynat-v1_train_02043,경기도 11개 시 오존주의보 해제,3
ynat-v1_train_02047,620년 전통 모스크바 스레텐스키 수도원 합창단 첫 내한,4
ynat-v1_train_02049,전국 아침 기온 최대 7도 뚝…주말까지 쌀쌀,4
ynat-v1_train_02051,이통사 방문판매 급증…올해 다단계 첫 추월,5
ynat-v1_train_02053,충북 영하권 추위…낮 최고 3∼5도,6
ynat-v1_train_02054,GS칼텍스 러츠 이탈리아에서 뛸 때보다 재미있어요,0
ynat-v1_train_02055,문 대통령·여야 지도부 지방선거 사전투표,1
ynat-v1_train_02056,가자지구 공습에 이스라엘은 안보정국…대연정에 힘 실릴까,2
ynat-v1_train_02058,울산 진보3당 북구시설관리공단 설립 조례안 철회하라,4
ynat-v1_train_02059,카카오프렌즈 스토어 국제 배송 시작,3
ynat-v1_train_02064,힐러리 사우스캐롤라이나 경선서 샌더스 꺾고 승리2보,1
ynat-v1_train_02066,좁아진 미국 문에 아메리칸 드림 포기하는 중미 이민자들,4
ynat-v1_train_02068,이통Y사f갤럭시탭Sr 오늘w터L사전예약 시작,4
ynat-v1_train_02071,朴대통령 오바마·아베와 연쇄통화…北미사일 대응책 논의,1
ynat-v1_train_02073,봄소식 전하는 노란 산수유,1
ynat-v1_train_02075,시민단체 전남도의회 누리예산 추경심의 보류하라,5
ynat-v1_train_02079,경희궁 옛 사진부w 100년전 놀이판eC f속박물관 기획7,0
ynat-v1_train_02081,프로 2년차 최익제 형들 제치고 올스타전 서브킹종합,3
ynat-v1_train_02082,반대매매 하루에만 1천억원…금융위기 때보다 많아,6
ynat-v1_train_02083,세종병원 불 1층 탕비실 천장 전기적 요인 원인 가능성,1
ynat-v1_train_02084,민주 민생 걱정한다면 국회 복귀하라…한국 적반하장,2
ynat-v1_train_02087,만지고 쓰다듬는 일은 왜 중요한가…터칭의 세계,0
ynat-v1_train_02088,전통공연예술진흥재단 연희예술단체에 재공연 지원,0
ynat-v1_train_02091,최신폰 갤노트8이 무료…이통사 과장광고 눈살,5
ynat-v1_train_02093,멕시코 외무 중미 불법 이민 저감 대책 45일 이후 평가,4
ynat-v1_train_02098,2대차7O인승 JUV`&리세이6 출시…3천40$rJ대& 시작,5
ynat-v1_train_02099,세미콘라이트 직무집행 가처분 피소,4
ynat-v1_train_02100,무릎 부상 이재성 대표팀서 제외…소속팀 복귀 준비,1
ynat-v1_train_02101,게시판 NH농협금융 부문장 경영협약 체결,1
ynat-v1_train_02102,고은 시인 로마재단 국제시인상 수상,4
ynat-v1_train_02103,예탁원 CSD워킹그룹과 분산장부 기술 공동연구 협약,0
ynat-v1_train_02104,과학기자협회 올해의 과학자상에 항우연 발사체사업본부,5
ynat-v1_train_02107,크렘린 이달 초 러中 정상회담서 시 주석 방북 협의 안 돼,5
ynat-v1_train_02108,만화박물관 3·1운동 기념벽화 걸고 영화 동주 무료상영,2
ynat-v1_train_02110,경기민요 선보이는 이춘희 명창,5
ynat-v1_train_02111,SKT 세계 최초 5G 가입자 100만 명 돌파,5
ynat-v1_train_02113,중국 퀄컴 이어 에릭슨도 반독점 위반 조사,6
ynat-v1_train_02114,추석 직전 일요일 대형마트 의무휴업…요일 변경 두고 또 논란,6
ynat-v1_train_02116,구미 영천 등 경북 9개 시·군 폭염주의보,6
ynat-v1_train_02118,진통제 맞고 103구 던진 셔저의 투혼…믿기 힘든 투...,1
ynat-v1_train_02120,벨·뮬로바·마이스키…클래식 스타 일주일 간격 줄내한,3
ynat-v1_train_02121,예멘 반군 사우디 석유시설 여전히 공격 목표,6
ynat-v1_train_02122,朴대통령 13일 북핵 담화·회견…경제법안 처리도 호소,2
ynat-v1_train_02123,베스트셀러 소셜미디어 입소문 탄 에세이 인기,5
ynat-v1_train_02125,국내외 인터넷사업자 역차별 실태점검 착수…대책 연내 마련,5
ynat-v1_train_02127,LG전자 먼지흡입물걸레질 무선 청소기 출시,5
ynat-v1_train_02130,독도로 출발하기 전 기념촬영 하는 독도아카데미 대학생,4
ynat-v1_train_02132,반으로 쪼개진 바른미래…두번 표결에 1표차 아슬아슬한 추인종합2보,0
ynat-v1_train_02134,올림픽 朴대통령 우리 선수단 선전 기원,5
ynat-v1_train_02136,중러 원자로 건설 2조원 계약 맺는다,3
ynat-v1_train_02137,이주의 뉴스키워드 블랙리스트·가상화폐·권력기관,5
ynat-v1_train_02138,황교안·나경원 패스트트랙 사건 경찰 출석통보에 불응 입장,5
ynat-v1_train_02139,CJ헬로비전SKB 합병 무효 소송 잇따라…LGU＋ 법적 대응,3
ynat-v1_train_02140,오늘 남북 체육회담…2032년 올림픽 공동개최 논의,3
ynat-v1_train_02146,KEB하나은행 호국보훈단체 지원을 위한 기부금 전달,2
ynat-v1_train_02147,미국 아프간서 발빼자…중국이 들어갔다,0
ynat-v1_train_02148,경기도 전역 미세먼지 주의보…야외활동 자제종합,3
ynat-v1_train_02149,정선 산불 진화 안간힘,3
ynat-v1_train_02151,개회사 하는 류희인 본부장,1
ynat-v1_train_02152,KT 할인 혜택 2배 더블할인 멤버십 시즌제 도입,5
ynat-v1_train_02153,프랜차이즈 최다승·두 번째 FA 앞둔 윤성환 계속 ...,6
ynat-v1_train_02155,한일 오늘 도쿄서 군사정보협정 가서명…이르면 이달 내 체결,4
ynat-v1_train_02157,민주 남북정상회담 보고 청취…조명균 기대 뛰어넘는 결과,1
ynat-v1_train_02159,미래부 출연硏 비정규직 연구원 정규직화 추진,1
ynat-v1_train_02160,잉글랜드 FA컵 5부리그의 반란…서턴·링컨 16강행,5
ynat-v1_train_02161,추억의 노키아폰 부활…49유로 헐값＋22시간 통화종합,5
ynat-v1_train_02163,中 부동산 불황 쇼크…관련기업 주가 하루 80% 폭락,2
ynat-v1_train_02164,한반도 해빙 이총리 세계의 완전한 냉전종식 이제 시작돼,3
ynat-v1_train_02169,이들을 주목하라 U20월드컵의 검증된 예비 슈퍼스타,0
ynat-v1_train_02170,일왕과 왕비의 즉위 예식,2
ynat-v1_train_02171,비닐봉지 대신 바나나잎 포장…베트남 마트의 친환경 실험,5
ynat-v1_train_02174,주상복합건물 동 사이 거리 좁아진다…건축연면적↑,5
ynat-v1_train_02177,정부 민간 대북전단 표현의 자유와 주민안전 고려해 판단,5
ynat-v1_train_02178,추미애 대표와 인사하는 문 대통령,1
ynat-v1_train_02179,후쿠시마 수산물 분쟁 패배한 日아베 EU서 WTO 개혁 성토,1
ynat-v1_train_02180,부동산 소유권 이전 등기 간편히…특별조치법 시행령 통과,0
ynat-v1_train_02183,게시판 서울 한성백제박물관 사계 콘서트 여름 개최,5
ynat-v1_train_02184,레이저로 미세 무늬 새겨 위조 막는다,5
ynat-v1_train_02186,우리카드 펠리페 영입…시즌 시작 전 두 번째 외국인 교체,4
ynat-v1_train_02187,주말 N 여행 강원권 쫀득한 찰옥수수…일편단심 무궁화,2
ynat-v1_train_02191,은행장 새해전망 집 투자는 글쎄…주택대출 안늘릴 것,5
ynat-v1_train_02193,2018 ICT 삼성 폴더블폰 새해 애플 아이폰X 대항마될까,5
ynat-v1_train_02195,獨 언론 극우 AfD 의원 러시아로부터 통제당해,2
ynat-v1_train_02196,홍콩 행정수반 송환법 추진 보류…사실상 무기한 연기종합,5
ynat-v1_train_02197,정부 거점항만으로 한진해운 선박 유도해 화물 하역,1
ynat-v1_train_02201,박건우 부상으로 올스타 출전 불발…노수광 대체 선발종합,6
ynat-v1_train_02204,속보 靑 국방부 첫 브리핑 때 해경 발표 사실 인지 못 해,6
ynat-v1_train_02206,美 시리아 북동부에 다국적 감시군 추진…미군 400명 잔류,0
ynat-v1_train_02208,국립중앙박물관 이집트 미라 등 만나볼 세계문화관 개관,3
ynat-v1_train_02209,카카오 로봇모듈·모바일게임 업체에 잇단 투자종합,2
ynat-v1_train_02211,총선 D8 與 신공항공세 차단…더민주 서부산 공략 강화,6
ynat-v1_train_02216,리니지 IP 성과 리뷰하는 윤재수 부사장,5
ynat-v1_train_02218,꿈의 전자파 테라헤르츠파 세기 조절한다,4
ynat-v1_train_02220,게임정보 네이버웹툰 원작 게임 메이비 오픈베타 外,4
ynat-v1_train_02221,총파업 코앞에 두고 국민은행 노사 막판협상…극적 타결될까종합,6
ynat-v1_train_02223,현대차 8월 국내 판매 전년비 17.6%↓,0
ynat-v1_train_02224,최지만 2경기 연속 안타…타율 0.269,0
ynat-v1_train_02225,프로농구 1라운드 최우수선수에 현대모비스 라건아,0
ynat-v1_train_02228,성장률 쇼크에 증권가 연간 성장률 전망치 2.22.3%로 하향,3
ynat-v1_train_02231,최지만 3타수 무안타…타율 0.257,4
ynat-v1_train_02233,뮤지컬 아리 아라리·뮤지컬 내 친구 유관순,3
ynat-v1_train_02235,세기의 대국 日에 밀리고 中에 치이고 한국 인공지능 현주소,0
ynat-v1_train_02238,투자일임형 ISA도 허용 추진…중소 증권사에 혜택,1
ynat-v1_train_02242,애플 앱스토어에서 우버 앱 삭제될 뻔했다,5
ynat-v1_train_02243,황우석 인간복제줄기세포 미국 특허 등록,0
ynat-v1_train_02244,올해 추석 당일 T맵 사용자 447만명 기록…역대 최다,6
ynat-v1_train_02245,류현진 평균자책점 1위 지켜준 강정호 소로카에게 멀티출루...,6
ynat-v1_train_02248,국고채 금리 일제히 하락…3년물 연 2.256%,0
ynat-v1_train_02249,클린턴재단 후폭풍인가…힐러리 vs 트럼프 지지율 3%p로 좁혀져,0
ynat-v1_train_02250,앙숙 터키·그리스 화해 모색…그리스 총리 성소피아 방문,4
ynat-v1_train_02253,갤노트8 중국서 29일 출시…모바일결제 제휴 확대,2
ynat-v1_train_02256,게시판 투교협 중·고생 대상 금융투자 체험교실,6
ynat-v1_train_02258,친박계 의원들 광화문 촛불집회 날 단양서 골프 회동종합,1
ynat-v1_train_02263,5월 연휴 기간 12만명이 통신사 바꿨다…작년보다 30% 증가,5
ynat-v1_train_02267,유령주식 불안 확산…배당 이어 주식거래시스템 점검종합,0
ynat-v1_train_02269,저항성 우수한 새 에이즈 백신 후보물질 개발 성공,2
ynat-v1_train_02272,동시 압수수색 당한 대우조선과 산은…38년 질긴 인연,6
ynat-v1_train_02273,오늘의 투자전략 美·中 정치환경 철강·기계에 모멘텀,0
ynat-v1_train_02276,이공대 내부 살펴보는 홍콩 경찰,3
ynat-v1_train_02277,톰프슨·커리 68점 골든스테이트 3쿼터 마법 앞세워 5연승,0
ynat-v1_train_02279,건설업계 부실벌점 개정안 기업에 사망선고…철회돼야 주장,6
ynat-v1_train_02280,내일 남북고위급회담…정상회담 일정·장소 정해질 듯종합,4
ynat-v1_train_02281,베로나 이승우 대표팀 승선은 간절한 꿈…기회 오리라 믿어,6
ynat-v1_train_02282,호퍼드 결승점에 스틸까지…보스턴 필라델피아에 3연승,5
ynat-v1_train_02284,靑 국민청원 중복참여 가능성 제기…카카오톡 참여 임시중단,1
ynat-v1_train_02289,게시판 KT 정보보안 기업 4곳과 MOU,1
ynat-v1_train_02299,LG전자 트리플 카메라 장착한 LG X6 출시,0
ynat-v1_train_02302,SK텔레콤 IoT 네트워크 기반 맞춤 서비스,4
ynat-v1_train_02305,그래픽 전국 주택 매매 거래량 추이,2
ynat-v1_train_02309,소설가 백민석이 카메라에 담아온 쿠바 사람들,6
ynat-v1_train_02311,경기북부 7개 시·군 23시 한파주의보,1
ynat-v1_train_02319,방통위 KBS 보궐이사에 강형철 숙명여대 교수 추천,6
ynat-v1_train_02323,가이드북 NO…스마트폰 AI 비서 여행 도우미로 수요↑,2
ynat-v1_train_02325,ix탄 2. 맨유b사우샘프0I꺾고 EFL컵 우승,1
ynat-v1_train_02326,주말 N 여행 제주권 탐라 역사·문화 혼 깃든 산지천 축제,2
ynat-v1_train_02329,윤상현 오늘 아침 김무성 자택 찾아 사과했다속보,5
ynat-v1_train_02330,구글 퀴즈쇼 앱 개발 3사 간담회 개최,6
ynat-v1_train_02331,MLB 텍사스 펜스마저 타구 쫓다 부상…외야 줄부상,3
ynat-v1_train_02336,우진비앤지 37억 규모 동물용의약품 공급계약,4
ynat-v1_train_02337,정몽구 현대건설 이사직 물러나…자동차에 주력,4
ynat-v1_train_02339,마크롱 최측근 佛 하원의장 부패 의혹 다시 수사받아,1
ynat-v1_train_02342,장마 때문에…전국 해수욕장 유명산 관광지 썰렁,3
ynat-v1_train_02345,삼성증권 1분기 영업이익 1천496억원…17% 감소,6
ynat-v1_train_02346,공연소식 청년예술인의 유쾌한 도전 연극 끝까지 간다 外,0
ynat-v1_train_02347,北미사일 발사 日언론 신속 보도…NHK는 정규방송 중단,5
ynat-v1_train_02349,EU 눈덩이 공공부채에도 돈풀어 경기부양한다는 伊 제재키로,4
ynat-v1_train_02350,사진톡톡 중국인의 눈으로 본 한반도 정세 인물화,4
ynat-v1_train_02354,손가락 욕설한 델리 알리 A매치 1경기 출전금지,5
ynat-v1_train_02356,미국발 훈풍 코스피 장중 2120선 회복…코스닥 2% 올라종합2보,6
ynat-v1_train_02357,코스피 하락 마감,2
ynat-v1_train_02360,인도 휩쓴 사이클론 방글라도 강타…최소 24명 사망·280만 대피종합,0
ynat-v1_train_02361,배틀그라운드 국내 서버 별도 운영…해외 이용자와 분리,1
ynat-v1_train_02365,靑 한미훈련 비핵화 상황보며 결정할 문제…美 논의요청 없어,4
ynat-v1_train_02367,당신의 스무살 생일은 어땠나요…무라카미 하루키 버스데이 걸,0
ynat-v1_train_02369,WNBA 박지수 LA 스파크스 상대로 2득점 2리바운드,4
ynat-v1_train_02370,세계 첫 AI 축구 월드컵 KAIST서 개막…12개국 29팀 참가,2
ynat-v1_train_02374,추미애 野 무더기 허위조작 기소…권력시녀 전락한 정치검찰,6
ynat-v1_train_02377,한선수의 평정심 순위 싸움에 신경 쓰면 페이스를 잃어요,2
ynat-v1_train_02380,北매체 로켓 발사 성공에 온나라 경축 분위기,5
ynat-v1_train_02381,울산 안방서 상하이 상강에 덜미잡혀 AFC 챔스리그 첫 패,1
ynat-v1_train_02382,황금연휴 유통업> 매출l48%↑…!|진작X효과 |다,5
ynat-v1_train_02383,KIST 탄소나노소재로 우주복 섬유·방사선차폐재 개발중,0
ynat-v1_train_02385,정운찬 총재 병역 국민정서 반영 못해 죄송…미래협의회 ...,2
ynat-v1_train_02391,피아니스트 유자 왕의 연주,5
ynat-v1_train_02394,울산 박정인·포항 김찬 등 15명 우선지명으로 내년 K리...,4
ynat-v1_train_02395,야구장 암표팔다 적발 기초수급자 타인 인적사항 도용,6
ynat-v1_train_02399,재단법인화 tbs 초대 대표에 이강택 현 교통방송 대표,2
ynat-v1_train_02403,건설업계 원로 박창규 前 롯데건설 사장 별세,1
ynat-v1_train_02407,이란 탄도미사일 개발은 협상 대상 아냐 재확인,4
ynat-v1_train_02408,아폴로13호 선장 LG V30로 47년만에 달 착륙 꿈 이뤘다,3
ynat-v1_train_02409,현대중공업 4천만달러 규모 산업용 로봇 대량 수주,0
ynat-v1_train_02411,일자리 정책구상 발표하는 이춘희 세종시장,0
ynat-v1_train_02415,베네수엘라 외무 유엔서 트럼프마두로 직접 담판 제안종합,1
ynat-v1_train_02416,한국 달 탐사 등 우주개발 탄력 받는다종합,5
ynat-v1_train_02418,보육시설 비리 근절을 위하여,1
ynat-v1_train_02419,KTB투자 대림산업 2분기 호실적…목표주가↑,4
ynat-v1_train_02421,CJ EM 플레디스엔터 지분 51% 인수 추진,3
ynat-v1_train_02427,KT 1만원대 LTE 요금제와 함께 피처폰 LG 폴더 출시,2
ynat-v1_train_02429,누워서 타는 자전거로 평창동계올림픽 홍보,1
ynat-v1_train_02430,커지는 CPU 칩셋 보안결함…PC 외 스마트폰도 패치해야종합,5
ynat-v1_train_02431,내일날씨 가을 적시는 비…충청·남부 시간당 30㎜ 이상,3
ynat-v1_train_02434,유혹의 색 라즈베리 로즈 입은 LG V30,4
ynat-v1_train_02435,다공성 금속구조체 전극으로 리튬전지 용량 2배 향상,5
ynat-v1_train_02436,인사말 하는 한상혁 방통위원장,0
ynat-v1_train_02438,천정배 내일 安과 담판…국민의당 野 연대갈등 중대기로,1
ynat-v1_train_02440,朴대통령 오후 시도지사 간담회…위기극복 국민결집 당부,2
ynat-v1_train_02443,청주 이틀째 열대야…충북 당분간 찜통더위,6
ynat-v1_train_02444,가상화폐 인기에 악성코드 기승…랜섬웨어 신고 3.7배↑,4
ynat-v1_train_02445,칠레 청년 사자 우리서 자살 기도…구조과정서 사자 2마리 사살,1
ynat-v1_train_02446,이란 압박 미국 B52 전략 폭격기 카타르 도착,0
ynat-v1_train_02448,애플 국내서도 아이폰 보상판매…아이폰XR 69만원부터,5
ynat-v1_train_02450,시베리아서 겨울잠 실패한 갈색곰 민가 습격해 1명 숨져,6
ynat-v1_train_02452,태풍 차바 경남 15시 영향권 벗어나…최고 277.5㎜ 물폭탄종합,6
ynat-v1_train_02454,주말 N 여행 충청권 달콤한 포도에 견우·직녀의 사랑까지,6
ynat-v1_train_02455,중학교 복도에서 교사에 욕설한 학부모…교육청 경찰에 고발,3
ynat-v1_train_02456,제주소식 TBN 제주 개국 2주년 14시간 특별생방송,3
ynat-v1_train_02459,페이스북 분기매출 47% 늘었지만 불투명한 미래에 주가 하락,0
ynat-v1_train_02461,아베 개헌논의 안 해도 좋은지 선거서 물을 것…개헌 이슈화,4
ynat-v1_train_02464,엘살바도르 베네수엘라 외교관 추방…베네수엘라도 맞대응,6
ynat-v1_train_02465,카드 IC단말기 전환율 98.5%…미전환 단말기 보안 조치,1
ynat-v1_train_02468,축구 대표팀 9월 국내서 코스타리카·칠레와 평가전,3
ynat-v1_train_02475,탈레반 아프간 북부 장례식장서 주민 45명 납치,2
ynat-v1_train_02479,우리은행 디지털전환 가속화…과제 발굴해 적극 추진,5
ynat-v1_train_02482,T시판 H성선물 하반기 p율·유가U망 세미나,5
ynat-v1_train_02483,광주전남 보도사진전 전남도청서 개막,3
ynat-v1_train_02485,아이폰8 잇단 스웰링 현상…배터리 게이트로 비화할까,3
ynat-v1_train_02486,헌재 특검과 검찰에 대통령 관련 수사기록 제출 요청속보,6
ynat-v1_train_02488,정끝별 시인이 말하는 패러디…이 시대 중심 표현방법,5
ynat-v1_train_02489,북한날씨 아침에 비 대부분 그쳐,1
ynat-v1_train_02490,코스피 사흘째 상승…한달 만에 2100선 마감종합,4
ynat-v1_train_02491,KT 5G 배터리 절감기술 전국 확대 적용,5
ynat-v1_train_02494,5G 상용화 100일간 이통3사 시가총액 희비,2
ynat-v1_train_02497,아리 아라리 정선아리랑극 세계인에 선보인다,5
ynat-v1_train_02499,언중위 불공정 지방선거 보도 91건 제재,4
ynat-v1_train_02504,빅스비 랩 해줘 명령에 노래하는 갤럭시S8종합,5
ynat-v1_train_02506,폐암 투병 개그맨 김철민 위한 자선 콘서트,5
ynat-v1_train_02508,한국당 내달 8일 대구시장·경북지사 후보 확정,1
ynat-v1_train_02510,은성수 조선 기자재 업체 적극 지원…경쟁력 제고 돕겠다,5
ynat-v1_train_02511,NH투자 IRP 비보장상품 수익률 업계 1위,4
ynat-v1_train_02512,평양정상회담 꿈도 하나 소원도 하나 평화번영통일,4
ynat-v1_train_02513,경남 총선 경쟁률 2.5대1…양산을 4대1 최고,3
ynat-v1_train_02515,다재다능 갤럭시S8 PC처럼 쓰고 VR 생방송도 한다종합,0
ynat-v1_train_02518,증권가 대한항공 한진해운 추가부실 위험노출 경고종합,6
ynat-v1_train_02520,잠금화면 플랫폼 버즈빌 인도 잠금화면앱 슬라이드 인수,6
ynat-v1_train_02524,이스트시큐리티 한국인터넷진흥원에 APT 대응 솔루션 공급,6
ynat-v1_train_02525,에이스 켈리 너마저…SK 선발진 연쇄 붕괴,5
ynat-v1_train_02527,월드컵 신태용 유임 질문에 독일 잡았지만…마음 정리...,5
ynat-v1_train_02534,카카오엔터프라이즈 출범…국내 대표 기업형 IT 플랫폼 목표,3
ynat-v1_train_02535,美외교관 부인 차사고로 아들잃은 英부모 가해자·美정부 소송,1
ynat-v1_train_02536,케냐 대통령 한국산 자동차 몰고 한국산 TV 매일 본다,1
ynat-v1_train_02537,與 김희옥 비대위 순항할까…내주 전국위서 추인 시도,6
ynat-v1_train_02538,날씨 6일 전국 흐리고 비…태풍 영향권 제주·남해안 강풍,0
ynat-v1_train_02539,작년 12월 전국 미분양 6만 1천여가구… 한달새 23.7%,0
ynat-v1_train_02541,유튜브 영어 생방송에 자동 영문 자막 붙는다,6
ynat-v1_train_02542,심판 비난 못 참아 포르투갈 축구 심판들 파업 예고,5
ynat-v1_train_02543,박기원 감독 눈치 보지 말고…비예나 눈치 본 건 아닌데,3
ynat-v1_train_02544,마스크 쓴 홍콩인 대규모 시위…임시정부 수립 주장까지종합2보,3
ynat-v1_train_02546,123층 롯데월드타워 외벽 청소 개시…닦을 유리창만 4만2천장,4
ynat-v1_train_02547,트럼프 한국 등 방위비분담금 더 내라…양방향 도로 돼야,2
ynat-v1_train_02548,박지원 朴대통령 추석후 3당대표 회동 약속 지켜야,1
ynat-v1_train_02550,울산중부새일센터 직업교육으로 경력단절여성 19명 취업 지원,5
ynat-v1_train_02551,김명준 원장 ETRI 인공지능 종합연구소로 거듭나겠다,1
ynat-v1_train_02553,美 오만해 유조선공격 배후 이란 지목…이란 파병하려 날조,5
ynat-v1_train_02555,KT 5G 스마트노래방앱 싱스틸러 출시,4
ynat-v1_train_02556,대우건설산업은행 동반성장펀드 조성…협력사 지원,6
ynat-v1_train_02557,비박 비대위 무산 여론전…결별 배수진 치며 압박종합,0
ynat-v1_train_02558,류현진 탈삼진 쇼에 이어 이번엔 세 번째 8이닝 이상 투구,0
ynat-v1_train_02560,네이버 이미지·자연어·자동추천 통해 AI 검색 급성장,5
ynat-v1_train_02561,르노삼성자동차 2018 협력업체 컨벤션 개최,0
ynat-v1_train_02562,방통위 개인 위치정보 사업 허가 계획 발표…내년 5차례 접수,4
ynat-v1_train_02563,공군 우주정보상황실 北 광명성4호 위성 면밀히 감시중,0
ynat-v1_train_02564,금투협회 떠나는 황영기 증시 신뢰 회복이 최대 과제,2
ynat-v1_train_02572,소말리아 수도서 차량폭탄 테러로 최소 17명 사망,0
ynat-v1_train_02576,트럼프 참모 난색에도 딸·사위에게 비밀취급권 줬다,5
ynat-v1_train_02578,오바마 폭력범죄ㆍ불법이민 증가 트럼프 주장 반박,3
ynat-v1_train_02579,트럼프 탄핵 스캔들 연루 美 국무부 우크라이나 특별대표 사임,0
ynat-v1_train_02584,버라이즌 해킹 파문 야후 인수 가격인하·계약취소 저울질,5
ynat-v1_train_02586,7월 1314일 과총 창립 50주년 기념사업,3
ynat-v1_train_02588,두산건설 3천200억원 규모 도로·주택 공사수주,4
ynat-v1_train_02590,게시판 LGU 인천공항 로밍서비스 7회 연속 만족도 1위,3
ynat-v1_train_02593,조코위 인니 대통령 휴대전화 없고 쓰지도 않는다,6
ynat-v1_train_02595,남북정상 오전 10시께 추가 정상회담…결과발표 예정2보,2
ynat-v1_train_02597,교수도 노조 만들 권리 있어…고용노동부는 항소 취하해야,5
ynat-v1_train_02599,8월 중순 중부에 물폭탄…평균 강수량 223.4㎜ 평년 2배,2
ynat-v1_train_02600,인어공주부터 겨울왕국까지…디즈니 명곡 메들리로,6
ynat-v1_train_02603,김우재 IBK기업은행 감독 김희진 종아리 통증…무리하지 않게,6
ynat-v1_train_02605,레바논서 사흘째 거리시위…경제난에 정권퇴진 요구,5
ynat-v1_train_02612,SK텔레콤 AI 드림팀 완성… AI리서치센터 조직 신설,4
ynat-v1_train_02613,역대 NBA에 가장 큰 영향 끼친 선수는 조던…2위는 제임스,3
ynat-v1_train_02614,판문점 선언 문재인 대통령 발표 전문,3
ynat-v1_train_02620,류현진 지난해처럼 심각한 부상은 아냐…예방 차원 교체,4
ynat-v1_train_02623,기성용정우영 없는 중원 구자철황인범 라인 뜰까,3
ynat-v1_train_02627,폼페이오 국무장관이 상원 출마 공화 지도부 차출 희망,4
ynat-v1_train_02628,日 각료들 독도 영유권 주장 잇단 망언,4
ynat-v1_train_02633,네이버 상징 녹색창에서 그린닷으로…모든 서비스 시작점종합2보,5
ynat-v1_train_02635,지겨운 플래툰 강정호 타격감 유지하기가 힘드네요,1
ynat-v1_train_02636,충주 호암택지지구서 4개 아파트 이달 말 동시분양,2
ynat-v1_train_02639,셀카부터 앱 실행까지…갤노트 S펜 스마트 기기로 진화,5
ynat-v1_train_02649,아이팩토리 상장폐지 이의신청서 제출,1
ynat-v1_train_02650,경북도 동해안권 발전계획 축소…7조7천억원 투자키로,4
ynat-v1_train_02653,2·(\독립$@ 100주년…도쿄·서u서 기념식 거행종합W보,3
ynat-v1_train_02654,추신수 5타수 무안타…13경기 연속 출루 중단,2
ynat-v1_train_02657,에콰도르 강진 피해 복구에 3조9천억 필요,6
ynat-v1_train_02664,한투증권 빙그레 폭염에 빙과 수요 증가…매수,5
ynat-v1_train_02672,MLB닷컴 판타지랭킹…추신수 176위·류현진 188위·강정...,0
ynat-v1_train_02674,인크루트 로봇직원 알리사 채용…사번은 24365,2
ynat-v1_train_02675,설 연휴 N 여행 제주권 온 가족 산책하기…아름다운 길 널널,0
ynat-v1_train_02677,한국인터넷진흥원 랜섬웨어 예방 암호기술 연구 착수,1
ynat-v1_train_02685,수백억 돈세탁 태국 승려 수천명 인의 장막 치고 경찰 따돌려,2
ynat-v1_train_02686,"北h평양El반미y교양 거c 중""계급교양관 개관",2
ynat-v1_train_02688,네덜란드 미국의 호르무즈해협 파병 요청 공식 확인,2
ynat-v1_train_02695,5·18민주묘지 참배하는 정동영,1
ynat-v1_train_02696,文대통령 베트남 당서기장 만나…국회의장·총리와도 면담종합2보,1
ynat-v1_train_02705,자율주행 모터쇼 판교서 개막…내달 운행 무인셔틀 첫선,4
ynat-v1_train_02706,몸무게 보너스·부동산 지분 인센티브…재미있는 MLB계약 조건,1
ynat-v1_train_02711,신동빈 경영복귀 첫 일성 적극적 투자로 국가 경제 이바지종합,3
ynat-v1_train_02712,대전·충남 동장군 기승…청양 영하 20.3도종합,3
ynat-v1_train_02716,제주 낮최고 22.5도 포근…산간 호우 예비특보,2
ynat-v1_train_02717,올림픽 대화하는 문 대통령과 북 고위급,2
ynat-v1_train_02727,동정 이효성 방통위원장 민영방송의날 기념식 참석,4
ynat-v1_train_02728,뇌신경망 형성·유지 메커니즘 발견,5
ynat-v1_train_02730,LG유플러스 5G주파수 결합기술 필드테스트 첫 성공,5
ynat-v1_train_02733,신간 힐링 이모션·교회의 종말,0
ynat-v1_train_02736,안산·대구·대전·부여에서 노후 공공건축물 리뉴얼 사업,2
ynat-v1_train_02746,NHN엔터 2분기 영업익 50%↑…인터넷은행 진출 검토 안해종합,5
ynat-v1_train_02747,홈런 2방에 벌랜더 와르르…MLB 양키스 ALCS서 기사회생,0
ynat-v1_train_02748,MLB닷컴 오타비노 떠난 자리 오승환이 있다,0
ynat-v1_train_02754,중동 유일 UAE 아부다비 北식당 옥류관 영업중단,0
ynat-v1_train_02756,항소심2선고 출석하는 이%택,3
ynat-v1_train_02760,우병우 언급 안한 朴대통령 안보 행보로 돌파,2
ynat-v1_train_02761,게시판 EBS대전방송 인재 양성 위한 업무협약,3
ynat-v1_train_02762,5선발로 다시 일어선 넥센 한현희 올 시즌 안 아프길,1
ynat-v1_train_02768,트럼프 또 런던시장에 악감정 표출 그는 재앙…새 시장 필요해,1
ynat-v1_train_02769,두산밥캣 맥스 컨트롤 2019 혁신제품 골드 수상,4
ynat-v1_train_02770,삼성重도 올해 첫 수주…LNG선 2척 4천199억원 규모종합,1
ynat-v1_train_02777,금강 따라 시간여행 떠나요…공주 석장리 구석기 축제 개막,1
ynat-v1_train_02778,당국 핀테크위크 참여할 레그테크·섭테크 기업 모집,5
ynat-v1_train_02783,갤S9 부진에 삼성 스마트폰 2분기 주춤…영업익 2.7조,5
ynat-v1_train_02785,민주화운동 보상받으면 국가배상 안 돼…헌재와 반대 판결,4
ynat-v1_train_02790,프로농구 개막 ③ 헤인즈의 1만점·양동근의 900스틸…...,3
ynat-v1_train_02791,거리에서 노래하던 베네수엘라 이민자에게 찾아온 기적,0
ynat-v1_train_02793,경찰 5월초 유커와 日관광객위해 바가지 요금 집중 단속,1
ynat-v1_train_02794,문 대통령 김기식 금감원장 사표 수리키로종합,2
ynat-v1_train_02796,삼성 갤럭시S9 정식 출시 첫 주말 이통시장 잠잠,2
ynat-v1_train_02798,인터뷰 류현진 친구에게 안타 맞는 것 싫어해…승부는 냉정,1
ynat-v1_train_02799,지능정보사회 대비 국가 종합대책 마련,4
