ID,Cleaned Text,target
ynat-v1_train_00149,"""분당 X'k gIdi}X'3·1 야ekK대^)t대립""에서 노이즈를 제거하고 자연스러운 뉴스 제목으로 변환하면 다음과 같습니다.

**분당, X'k와 대립** 

이 제목은 원래 텍스트에서 의미를 유지하면서 노이즈를 제거하고 간결하게 표현했습니다. 

* ""X'k""는 사람 이름이나 조직의 이름으로 추측되며, ""gIdi}X'3·1""과 ""야ekK대^)t""는 노이즈로 판단되어 제거했습니다.
* ""대립""은 원래 텍스트에 있는 단어를 그대로 사용하여 분당과 X'k의 관계를 명확히 드러냈습니다.

이 제목은 뉴스 기사 제목으로 적합한 길이와 명확성을 갖추고 있습니다.",2
ynat-v1_train_00202,"""B0mlc나^y^*6면 속 )04C Y스3시청률$상승"" 이라는 텍스트에서 의미를 유지하고 노이즈를 제거하면 다음과 같이 변환할 수 있습니다.

**""Y스 시청률 상승""** 

이 변환은 다음과 같은 과정을 거쳤습니다.

1. **의미 없는 문자 제거:**  ""~B0mlc나^y^*6면 속 )04C"" 부분은 의미를 전달하지 못하므로 제거했습니다.
2. **숫자 제거:** ""3""은 숫자로, 뉴스 제목에서는 일반적으로 사용하지 않으므로 제거했습니다.
3. **특수 문자 제거:** ""$""는 특수 문자로, 뉴스 제목에서 사용하지 않으므로 제거했습니다.
4. **띄어쓰기 조정:** ""Y스""와 ""시청률"" 사이에 띄어쓰기를 추가하여 가독성을 높였습니다.

이렇게 변환된 ""Y스 시청률 상승""은 간결하고 자연스러운 뉴스 제목 형식을 갖추게 되었습니다.",3
ynat-v1_train_00214,"## 텍스트에서 노이즈 제거 및 뉴스 제목 변환:

**원본 텍스트:** ""$은 문y적 +양 풍T했cGe맹Gl이qM q문 행\hL""

**노이즈 제거 및 변환:**

**""문제적 양상 풍토, 맹렬히 비판""** 

**설명:**

* ""$""와 같은 특수 문자, 오타(""y적"", ""T했cGe맹Gl이qM"", ""행\hL"")를 제거했습니다.
* ""문제적""과 ""양상""을 이어 ""문제적 양상""으로 자연스럽게 연결했습니다.
* ""풍토""와 ""맹렬히 비판""을 연결하여 뉴스 제목처럼 간결하고 명확하게 표현했습니다.",3
ynat-v1_train_00247,"""코아 V 페 ogt""에서 의미를 유지하면서 노이즈를 제거하고 자연스럽고 뉴스 제목처럼 간결하게 변환하면 다음과 같습니다.

**""코아 V 출시""** 

이렇게 변환하면, 원래 문장에서 의미를 유지하면서 불필요한 노이즈를 제거하고 간결하고 뉴스 제목처럼 자연스러운 문장이 되었습니다.",4
ynat-v1_train_00448,"""4출x?진 Wf…2\기부터 점[ 회복r전"" 이라는 텍스트는 노이즈로 인해 해석이 어렵습니다. 

더 정확한 결과를 위해 다음 정보를 제공해주시겠습니까?

* **원본 텍스트의 출처:** 어떤 맥락에서 발견된 텍스트인가요? (예: 웹사이트, 문서, 소셜 미디어)
* **예상되는 주제:** 텍스트가 무엇에 대한 내용일 것으로 예상하시나요? (예: 경제, 정치, 과학)
* **추가 정보:** 텍스트에 대한 추가적인 정보가 있나요? (예: 이미지, 비디오, 관련 링크)

이러한 정보를 제공해주시면 더 정확하고 자연스러운 뉴스 제목으로 변환해 드릴 수 있습니다.",5
ynat-v1_train_00456,"""팅1씨, 백t 구조 U었다""에서 의미를 유지하고 노이즈를 제거하면 ""팅1씨 구조됐다""가 됩니다. 이를 뉴스 제목처럼 간결하게 변환하면 다음과 같습니다.

**팅1씨, 무사히 구조**",3
ynat-v1_train_00493,"""Np민황""은 아마 ""엔피민황""을 의미하는 것 같고, ""두x~-@투&-이Zo@""는 ""두 번째"" 혹은 ""2번째""를 의미하는 것 같습니다. ""AM치 데뷔^.<""는 ""AM치 데뷔""를 의미하는 것 같습니다.

따라서 이 텍스트는 아마 ""엔피민황 2번째 AM치 데뷔""를 의미하는 것 같습니다. 

뉴스 제목처럼 간결하게 변환하면 다음과 같습니다.

**엔피민황, 두 번째 AM치 데뷔**",1
ynat-v1_train_00509,"""WN C 박지성 U2+ 바드""에서 ""박지성""이라는 이름과 ""U2+""라는 서비스 명칭이 눈에 띕니다. 

제목을 간결하게 변환하면 다음과 같습니다.

**박지성, U2+ 바드와 함께**",1
ynat-v1_train_00521,"##  ""B일부터 G이서 고위 경제t화"" 

이 텍스트에서 노이즈를 제거하고 자연스럽게 뉴스 제목처럼 간결하게 변환하면 다음과 같습니다.

**B일부터 G에서 고위 경제 활성화**",6
ynat-v1_train_00535,"## ""픽 이다가 아마존(日7 짝) '명문' 천 망신""  에서  

**""픽 이다가 아마존, '명문' 천 망신""** 이라고 변환할 수 있습니다. 

변환 과정:

1. **""pIc E다가i아마존(日7 짝`""명M u천 망신""** 에서 불필요한 특수문자, 숫자, 영어를 제거합니다. 
2. **""픽 이다가 아마존(日7 짝) '명문' 천 망신""** 로 정리합니다.
3. **""픽 이다가 아마존, '명문' 천 망신""** 으로 더 간결하게 뉴스 제목 형식으로 변환합니다.

이렇게 하면 의미를 유지하면서 노이즈를 제거하고, 자연스럽고 뉴스 제목처럼 간결하게 변환할 수 있습니다.",4
ynat-v1_train_00541,"## 국문협, 안순·육박예 상임훈련 

이렇게 변환하면 노이즈가 제거되고, 의미를 유지하면서 자연스럽고 뉴스 제목처럼 간결해집니다.",0
ynat-v1_train_00624,"""사건!>실""를 b$#라…#극)]체O.;월f:?"" 라는 텍스트에서 노이즈를 제거하고 자연스러운 뉴스 제목으로 변환하면 다음과 같습니다.

**""사건 실체 드러나""**",0
ynat-v1_train_00642,"## 만 3시간 만에 한강에 뛰어든 A씨, 구조 

이렇게 변환하면 노이즈가 제거되고, 자연스럽고 뉴스 제목처럼 간결해집니다.",0
ynat-v1_train_00733,"""L9만96""은 의미가 불분명하여 제거했습니다. ""기L연속""은 ""기록 연속""으로 추측하고, ""Lo…탬5R이""는 ""롯데 5연승""으로 추측했습니다. ""연3""은 ""연승""으로 추측했습니다.

최종 결과는 다음과 같습니다.

**롯데, 기록 연속 5연승**",1
ynat-v1_train_00740,"""리^M[Y스C커 누구g8!n기가PCT>A+통l영상""에서 의미를 유지하고 노이즈를 제거하여 뉴스 제목처럼 간결하게 변환하면 다음과 같습니다.

**""리커 누구, PCT A+ 통과 영상 공개""** 

이렇게 수정하면 원래 문장의 의미를 유지하면서도 불필요한 기호와 오타를 제거하여 자연스럽고 간결한 뉴스 제목 형태를 갖추게 됩니다.",4
ynat-v1_train_00744,"""F럽 朴,통, sI도 E+ 상승한\42%""에서 노이즈를 제거하고 자연스러운 뉴스 제목처럼 간결하게 변환하면 다음과 같습니다.

**""F럽 朴, 통신주 E+ 상승률 42%""** 

이렇게 변환하면 다음과 같은 장점이 있습니다.

* **노이즈 제거:** ""F럽""과 ""sI""는 의미 없는 글자이므로 제거했습니다.
* **자연스러운 표현:** ""통, sI도 E+""를 ""통신주 E+""로 바꾸어 자연스러운 표현으로 만들었습니다.
* **간결함:** 불필요한 단어를 제거하고 핵심 내용만 담아 간결하게 표현했습니다. 
* **뉴스 제목 형식:** 일반적인 뉴스 제목 형식에 맞춰 작성했습니다. 

이 변환을 통해 원래 텍스트의 의미를 유지하면서 더 명확하고 이해하기 쉽게 만들었습니다.",2
ynat-v1_train_00761,"## 미-이란, 제재 해제 직전 감m 교환…u;자Fm함F합k보

이 텍스트에서 노이즈를 제거하고 자연스럽게 변환한 결과입니다. 

**변경된 부분:**

* **""美이란%제재h제J직전[-감m S교환…u;자Fm함F합k보""** 에서  **""미-이란, 제재 해제 직전 감m 교환…u;자Fm함F합k보""** 로 변경했습니다. 
* **""감m""** 와 **""u;자Fm함F합k보""** 는 의미를 파악할 수 없어 삭제했습니다. 

**추가적으로:**

* **""감m""** 은 아마도 ""감"" 이라는 단어가 왜곡된 것으로 추측됩니다. 
* **""u;자Fm함F합k보""** 는 단어가 섞여 의미를 알 수 없습니다. 

**결과적으로, ""미-이란, 제재 해제 직전 감 교환"" 이라는 제목이 만들어졌습니다.**",6
ynat-v1_train_00850,"""WSJ 스크린 5함 0란 갤Lb 폴드 조롱 동|상"" 이라는 텍스트에서 노이즈를 제거하고 자연스러운 뉴스 제목처럼 간결하게 변환하면 다음과 같습니다.

**""갤럭시 폴드 조롱 동영상, WSJ 스크린에 등장""** 

이 제목은 원래 텍스트에서 의미를 유지하면서 다음과 같은 변화를 주었습니다.

* ""5함 0란""과 같은 의미 없는 문자들을 제거했습니다.
* ""갤Lb""를 ""갤럭시""로 수정했습니다.
* ""동|상""을 ""동영상""으로 수정했습니다.
* ""WSJ 스크린""을 문장 앞으로 이동하여 뉴스 제목의 일반적인 형식을 따랐습니다. 
* 전체적으로 간결하고 명확하게 의미를 전달하도록 문장을 재구성했습니다.",4
ynat-v1_train_00989,"""C간 고이로""는 무엇을 의미하는지 알 수 없습니다. 텍스트에 포함된 노이즈는 의미를 파악하기 어렵게 만듭니다. 좀 더 명확한 텍스트를 제공해주시면 자연스럽고 간결한 뉴스 제목으로 변환해 드리겠습니다.",0
ynat-v1_train_01061,"""2야 우X우 W와라 합창…~행명령 %동` 온x("" 라는 텍스트에서 노이즈를 제거하고 자연스럽게 뉴스 제목처럼 간결하게 변환하면 다음과 같습니다.

**2야 우와라 합창, 행명령 동시에**",2
ynat-v1_train_01147,"""K0~0.6졸#재 일자s 콘*트"" 라는 텍스트에서 의미를 유지하고 노이즈를 제거하면, ""콘트라트 재협상 일자"" 가 됩니다. 

이를 뉴스 제목처럼 간결하게 변환하면 다음과 같습니다.

**콘트라트 재협상, 막바지 접근**",0
ynat-v1_train_01256,"""ZN .Aj%*v D0x행 U지없] 몰$던9w객 화들o종합"" 이라는 텍스트에서 노이즈를 제거하고 자연스러운 뉴스 제목으로 변환하면 다음과 같습니다.

**""몰던 9w객 화들, 종합""** 

이 제목은 원래 텍스트에서 의미를 유지하면서 불필요한 특수 문자와 숫자를 제거했습니다. 또한, ""몰던""과 ""9w객"" 사이의 공백을 추가하여 가독성을 높였습니다. 

이 제목은 뉴스 제목의 일반적인 형식을 따르며, 간결하고 명확하게 정보를 전달합니다.",5
ynat-v1_train_01423,"## 러시아, 美 압박하며 중국과 겨루는 모습…전쟁 위협 

이렇게 바꿔보았습니다. 

* 원문의 ""Ul벌 ?D w中*겨g"" 부분은 ""압박하며 중국과 겨루는""으로 해석했습니다.
* ""전' R위""는 ""전쟁 위협""으로 수정했습니다.
* 전체적으로 뉴스 제목처럼 간결하고 명확하게 표현했습니다.",6
ynat-v1_train_01467,"""비켜 서강대 제"" 는 의미를 파악하기 어렵습니다.  더 많은 정보를 제공해 주시면, 노이즈를 제거하고 자연스러운 뉴스 제목으로 변환해 드릴 수 있습니다. 예를 들어,  

* **어떤 맥락에서 이 문구가 나왔나요?** (예: 서강대학교 관련 뉴스,  특정 사건 등)
* **원래 문구가 무엇이라고 생각하시나요?** (예: ""비켜 서강대 강의실"", ""비켜 서강대 학생"" 등)

이러한 정보들을 알려주시면 더 정확하게 도와드릴 수 있습니다.",0
ynat-v1_train_01468,"## 권주도, 활발한 상승세 

이렇게 변환하면 노이즈가 제거되고 자연스러운 뉴스 제목 형식으로 바뀌었습니다.",5
ynat-v1_train_01525,"""스노란 조o =차m집회 열`…Q위 q모 =2yG ?"" 라는 텍스트는 노이즈로 인해 이해하기 어렵습니다. 의미를 파악할 수 있는 추가 정보가 필요합니다. 예를 들어, ""스노란""이 무엇을 의미하는지, ""조o""가 누구인지, ""차m집회""가 무엇인지 등을 알려주세요. 

더 자세한 정보를 제공해주시면 노이즈를 제거하고 자연스러운 뉴스 제목으로 변환해 드리겠습니다.",6
ynat-v1_train_01606,"""FJO로M딜라(P 인수]추진E실d9시작"" 이라는 텍스트에서 노이즈를 제거하고 자연스러운 뉴스 제목처럼 변환하면 다음과 같습니다.

**""FJO로M 딜라 인수 추진 시작""** 

이렇게 변환하면 다음과 같은 장점이 있습니다.

* **명확성:** 불필요한 문자와 기호를 제거하여 의미를 명확하게 전달합니다.
* **간결성:** 뉴스 제목처럼 간결하게 표현하여 독자의 주의를 끌 수 있습니다.
* **자연스러움:**  한국어 문법에 맞게 자연스럽게 표현했습니다.

이 변환은 원래 텍스트의 의미를 유지하면서도 더 깔끔하고 이해하기 쉽게 만들었습니다.",5
ynat-v1_train_01607,"##  P이영3증 신전자 쓰세요: 지사 추진 

이 문장에서 노이즈를 제거하고 자연스럽게 바꾸면 다음과 같습니다.

**""P이영3증 신전자 사용 촉구: 지사 추진""** 

이렇게 바꾸면 다음과 같은 장점이 있습니다.

* **노이즈 제거:**  ""w"", ""n"", ""f"", ""@"", ""H"" 와 같은 의미 없는 문자들을 삭제했습니다.
* **자연스러운 표현:** ""쓰세요""를 ""사용 촉구""로 바꿔 더 자연스러운 표현으로 만들었습니다.
* **간결성:**  불필요한 단어들을 제거하고 핵심 내용만 담아 간결하게 만들었습니다.
* **뉴스 제목 스타일:**  ""P이영3증 신전자 사용 촉구"" 부분은 뉴스 제목처럼 간결하고 명확하게 표현했습니다. 

이렇게 수정하면 원래 문장의 의미를 유지하면서 더 명확하고 간결하게 전달할 수 있습니다.",4
ynat-v1_train_01731,"""7.t~ 위wh 小D위에 여D 3x x사만 참여해야"" 라는 문장에서 노이즈를 제거하고 자연스러운 뉴스 제목처럼 간결하게 변환하면 다음과 같습니다.

**""3만 명 참여,  대규모 행사 개최""** 

이 문장은 원래 문장의 의미를 유지하면서 불필요한 부분을 제거하고,  행사 규모를 강조하는 뉴스 제목 형식으로 바뀌었습니다.",2
ynat-v1_train_02013,성엘에스티에bm00yxr규$ -:  텍스트에서 의미를 찾기 어렵습니다.,5
ynat-v1_train_02315,반려동물 잃어버렸습니다. 2시간 안에 찾아야 합니다.,0
